name,sequence,expression level,xml_name,predicted,observed_delta,predicted_delta
synCRE_Promega_0,CCTAACTGGCCGCTTCACTGGCACCAGACAGTGACGTCAGCTGCCAGATCCCATGGCCGTCATACTGTGACGTCTTTCAGACACCCCATTGACGTCAATGGGAGAACGGTACCTGAGCTCGCTAGCCTCGAGGATATCAAGATCTGGCCTCGGCGGCCAAGCTTAGACACTAGAGGGTATATAATGGAAGCTCGACT,100,synCRE_Promega_0,92.39837502960468,0.0,0.0
scanmut_single_pos_0_A,CCTAACTGGCCGCTTCACTGACACCAGACAGTGACGTCAGCTGCCAGATCCCATGGCCGTCATACTGTGACGTCTTTCAGACACCCCATTGACGTCAATGGGAGAACGGTACCTGAGCTCGCTAGCCTCGAGGATATCAAGATCTGGCCTCGGCGGCCAAGCTTAGACACTAGAGGGTATATAATGGAAGCTCGACT,105,scanmut_single_pos_0_A,102.8050823740951,0.070389327891398,0.153972203877644
scanmut_single_pos_0_C,CCTAACTGGCCGCTTCACTGCCACCAGACAGTGACGTCAGCTGCCAGATCCCATGGCCGTCATACTGTGACGTCTTTCAGACACCCCATTGACGTCAATGGGAGAACGGTACCTGAGCTCGCTAGCCTCGAGGATATCAAGATCTGGCCTCGGCGGCCAAGCTTAGACACTAGAGGGTATATAATGGAAGCTCGACT,89,scanmut_single_pos_0_C,88.95130454740476,-0.16812275880832692,-0.054851715797097814
scanmut_single_pos_0_T,CCTAACTGGCCGCTTCACTGTCACCAGACAGTGACGTCAGCTGCCAGATCCCATGGCCGTCATACTGTGACGTCTTTCAGACACCCCATTGACGTCAATGGGAGAACGGTACCTGAGCTCGCTAGCCTCGAGGATATCAAGATCTGGCCTCGGCGGCCAAGCTTAGACACTAGAGGGTATATAATGGAAGCTCGACT,75,scanmut_single_pos_0_T,99.12652608485934,-0.4150374992788438,0.10140369193473958
scanmut_single_pos_1_A,CCTAACTGGCCGCTTCACTGGAACCAGACAGTGACGTCAGCTGCCAGATCCCATGGCCGTCATACTGTGACGTCTTTCAGACACCCCATTGACGTCAATGGGAGAACGGTACCTGAGCTCGCTAGCCTCGAGGATATCAAGATCTGGCCTCGGCGGCCAAGCTTAGACACTAGAGGGTATATAATGGAAGCTCGACT,90,scanmut_single_pos_1_A,79.38912995750012,-0.15200309344504995,-0.21892599422837503
scanmut_single_pos_1_G,CCTAACTGGCCGCTTCACTGGGACCAGACAGTGACGTCAGCTGCCAGATCCCATGGCCGTCATACTGTGACGTCTTTCAGACACCCCATTGACGTCAATGGGAGAACGGTACCTGAGCTCGCTAGCCTCGAGGATATCAAGATCTGGCCTCGGCGGCCAAGCTTAGACACTAGAGGGTATATAATGGAAGCTCGACT,76,scanmut_single_pos_1_G,79.50842713893168,-0.3959286763311392,-0.2167596993208122
scanmut_single_pos_2_C,CCTAACTGGCCGCTTCACTGGCCCCAGACAGTGACGTCAGCTGCCAGATCCCATGGCCGTCATACTGTGACGTCTTTCAGACACCCCATTGACGTCAATGGGAGAACGGTACCTGAGCTCGCTAGCCTCGAGGATATCAAGATCTGGCCTCGGCGGCCAAGCTTAGACACTAGAGGGTATATAATGGAAGCTCGACT,103,scanmut_single_pos_2_C,79.5469902131131,0.04264433740849372,-0.21606013488095474
scanmut_single_pos_2_G,CCTAACTGGCCGCTTCACTGGCGCCAGACAGTGACGTCAGCTGCCAGATCCCATGGCCGTCATACTGTGACGTCTTTCAGACACCCCATTGACGTCAATGGGAGAACGGTACCTGAGCTCGCTAGCCTCGAGGATATCAAGATCTGGCCTCGGCGGCCAAGCTTAGACACTAGAGGGTATATAATGGAAGCTCGACT,157,scanmut_single_pos_2_G,105.0847472775391,0.6507645591169023,0.18561389690067326
scanmut_single_pos_2_T,CCTAACTGGCCGCTTCACTGGCTCCAGACAGTGACGTCAGCTGCCAGATCCCATGGCCGTCATACTGTGACGTCTTTCAGACACCCCATTGACGTCAATGGGAGAACGGTACCTGAGCTCGCTAGCCTCGAGGATATCAAGATCTGGCCTCGGCGGCCAAGCTTAGACACTAGAGGGTATATAATGGAAGCTCGACT,102,scanmut_single_pos_2_T,83.22392750578852,0.02856915219677092,-0.1508691061168302
scanmut_single_pos_3_A,CCTAACTGGCCGCTTCACTGGCAACAGACAGTGACGTCAGCTGCCAGATCCCATGGCCGTCATACTGTGACGTCTTTCAGACACCCCATTGACGTCAATGGGAGAACGGTACCTGAGCTCGCTAGCCTCGAGGATATCAAGATCTGGCCTCGGCGGCCAAGCTTAGACACTAGAGGGTATATAATGGAAGCTCGACT,92,scanmut_single_pos_3_A,87.93261734320512,-0.12029423371771177,-0.07146906812964604
scanmut_single_pos_3_G,CCTAACTGGCCGCTTCACTGGCAGCAGACAGTGACGTCAGCTGCCAGATCCCATGGCCGTCATACTGTGACGTCTTTCAGACACCCCATTGACGTCAATGGGAGAACGGTACCTGAGCTCGCTAGCCTCGAGGATATCAAGATCTGGCCTCGGCGGCCAAGCTTAGACACTAGAGGGTATATAATGGAAGCTCGACT,90,scanmut_single_pos_3_G,83.5519266399231,-0.15200309344504995,-0.14519438375653665
scanmut_single_pos_3_T,CCTAACTGGCCGCTTCACTGGCATCAGACAGTGACGTCAGCTGCCAGATCCCATGGCCGTCATACTGTGACGTCTTTCAGACACCCCATTGACGTCAATGGGAGAACGGTACCTGAGCTCGCTAGCCTCGAGGATATCAAGATCTGGCCTCGGCGGCCAAGCTTAGACACTAGAGGGTATATAATGGAAGCTCGACT,99,scanmut_single_pos_3_T,101.8841014254804,-0.014499569695115089,0.14098955780803668
scanmut_single_pos_4_A,CCTAACTGGCCGCTTCACTGGCACAAGACAGTGACGTCAGCTGCCAGATCCCATGGCCGTCATACTGTGACGTCTTTCAGACACCCCATTGACGTCAATGGGAGAACGGTACCTGAGCTCGCTAGCCTCGAGGATATCAAGATCTGGCCTCGGCGGCCAAGCTTAGACACTAGAGGGTATATAATGGAAGCTCGACT,82,scanmut_single_pos_4_A,97.10628970379976,-0.2863041851566411,0.07169726414280271
scanmut_single_pos_4_G,CCTAACTGGCCGCTTCACTGGCACGAGACAGTGACGTCAGCTGCCAGATCCCATGGCCGTCATACTGTGACGTCTTTCAGACACCCCATTGACGTCAATGGGAGAACGGTACCTGAGCTCGCTAGCCTCGAGGATATCAAGATCTGGCCTCGGCGGCCAAGCTTAGACACTAGAGGGTATATAATGGAAGCTCGACT,127,scanmut_single_pos_4_G,100.348291046242,0.34482849699744117,0.1190766625704743
scanmut_single_pos_4_T,CCTAACTGGCCGCTTCACTGGCACTAGACAGTGACGTCAGCTGCCAGATCCCATGGCCGTCATACTGTGACGTCTTTCAGACACCCCATTGACGTCAATGGGAGAACGGTACCTGAGCTCGCTAGCCTCGAGGATATCAAGATCTGGCCTCGGCGGCCAAGCTTAGACACTAGAGGGTATATAATGGAAGCTCGACT,88,scanmut_single_pos_4_T,85.89115411708299,-0.18442457113742744,-0.10535792316621831
scanmut_single_pos_5_C,CCTAACTGGCCGCTTCACTGGCACCCGACAGTGACGTCAGCTGCCAGATCCCATGGCCGTCATACTGTGACGTCTTTCAGACACCCCATTGACGTCAATGGGAGAACGGTACCTGAGCTCGCTAGCCTCGAGGATATCAAGATCTGGCCTCGGCGGCCAAGCTTAGACACTAGAGGGTATATAATGGAAGCTCGACT,81,scanmut_single_pos_5_C,90.37953131013404,-0.3040061868900999,-0.031871404303311625
scanmut_single_pos_5_G,CCTAACTGGCCGCTTCACTGGCACCGGACAGTGACGTCAGCTGCCAGATCCCATGGCCGTCATACTGTGACGTCTTTCAGACACCCCATTGACGTCAATGGGAGAACGGTACCTGAGCTCGCTAGCCTCGAGGATATCAAGATCTGGCCTCGGCGGCCAAGCTTAGACACTAGAGGGTATATAATGGAAGCTCGACT,77,scanmut_single_pos_5_G,85.93836491006125,-0.3770696490798233,-0.1045651515981467
scanmut_single_pos_5_T,CCTAACTGGCCGCTTCACTGGCACCTGACAGTGACGTCAGCTGCCAGATCCCATGGCCGTCATACTGTGACGTCTTTCAGACACCCCATTGACGTCAATGGGAGAACGGTACCTGAGCTCGCTAGCCTCGAGGATATCAAGATCTGGCCTCGGCGGCCAAGCTTAGACACTAGAGGGTATATAATGGAAGCTCGACT,103,scanmut_single_pos_5_T,89.8498739064023,0.04264433740849372,-0.04035100072263235
scanmut_single_pos_6_A,CCTAACTGGCCGCTTCACTGGCACCAAACAGTGACGTCAGCTGCCAGATCCCATGGCCGTCATACTGTGACGTCTTTCAGACACCCCATTGACGTCAATGGGAGAACGGTACCTGAGCTCGCTAGCCTCGAGGATATCAAGATCTGGCCTCGGCGGCCAAGCTTAGACACTAGAGGGTATATAATGGAAGCTCGACT,71,scanmut_single_pos_6_A,89.41804312347355,-0.4941090702700427,-0.047301506360962295
scanmut_single_pos_6_C,CCTAACTGGCCGCTTCACTGGCACCACACAGTGACGTCAGCTGCCAGATCCCATGGCCGTCATACTGTGACGTCTTTCAGACACCCCATTGACGTCAATGGGAGAACGGTACCTGAGCTCGCTAGCCTCGAGGATATCAAGATCTGGCCTCGGCGGCCAAGCTTAGACACTAGAGGGTATATAATGGAAGCTCGACT,74,scanmut_single_pos_6_C,99.33254977666766,-0.4344028241457749,0.10439906479900003
scanmut_single_pos_6_T,CCTAACTGGCCGCTTCACTGGCACCATACAGTGACGTCAGCTGCCAGATCCCATGGCCGTCATACTGTGACGTCTTTCAGACACCCCATTGACGTCAATGGGAGAACGGTACCTGAGCTCGCTAGCCTCGAGGATATCAAGATCTGGCCTCGGCGGCCAAGCTTAGACACTAGAGGGTATATAATGGAAGCTCGACT,75,scanmut_single_pos_6_T,93.34403022561256,-0.4150374992788438,0.014690278697470884
scanmut_single_pos_7_C,CCTAACTGGCCGCTTCACTGGCACCAGCCAGTGACGTCAGCTGCCAGATCCCATGGCCGTCATACTGTGACGTCTTTCAGACACCCCATTGACGTCAATGGGAGAACGGTACCTGAGCTCGCTAGCCTCGAGGATATCAAGATCTGGCCTCGGCGGCCAAGCTTAGACACTAGAGGGTATATAATGGAAGCTCGACT,73,scanmut_single_pos_7_C,90.82862951002028,-0.4540316308947075,-0.024720367954124692
scanmut_single_pos_7_G,CCTAACTGGCCGCTTCACTGGCACCAGGCAGTGACGTCAGCTGCCAGATCCCATGGCCGTCATACTGTGACGTCTTTCAGACACCCCATTGACGTCAATGGGAGAACGGTACCTGAGCTCGCTAGCCTCGAGGATATCAAGATCTGGCCTCGGCGGCCAAGCTTAGACACTAGAGGGTATATAATGGAAGCTCGACT,78,scanmut_single_pos_7_G,92.7164190823814,-0.3584539709124763,0.004957367469210086
scanmut_single_pos_7_T,CCTAACTGGCCGCTTCACTGGCACCAGTCAGTGACGTCAGCTGCCAGATCCCATGGCCGTCATACTGTGACGTCTTTCAGACACCCCATTGACGTCAATGGGAGAACGGTACCTGAGCTCGCTAGCCTCGAGGATATCAAGATCTGGCCTCGGCGGCCAAGCTTAGACACTAGAGGGTATATAATGGAAGCTCGACT,83,scanmut_single_pos_7_T,95.28418867779897,-0.2688167584278,0.04436935543229036
scanmut_single_pos_8_A,CCTAACTGGCCGCTTCACTGGCACCAGAAAGTGACGTCAGCTGCCAGATCCCATGGCCGTCATACTGTGACGTCTTTCAGACACCCCATTGACGTCAATGGGAGAACGGTACCTGAGCTCGCTAGCCTCGAGGATATCAAGATCTGGCCTCGGCGGCCAAGCTTAGACACTAGAGGGTATATAATGGAAGCTCGACT,83,scanmut_single_pos_8_A,98.74713709541165,-0.2688167584278,0.09587144195711862
scanmut_single_pos_8_G,CCTAACTGGCCGCTTCACTGGCACCAGAGAGTGACGTCAGCTGCCAGATCCCATGGCCGTCATACTGTGACGTCTTTCAGACACCCCATTGACGTCAATGGGAGAACGGTACCTGAGCTCGCTAGCCTCGAGGATATCAAGATCTGGCCTCGGCGGCCAAGCTTAGACACTAGAGGGTATATAATGGAAGCTCGACT,79,scanmut_single_pos_8_G,93.7735923016742,-0.3400754415976217,0.021314220977250758
scanmut_single_pos_8_T,CCTAACTGGCCGCTTCACTGGCACCAGATAGTGACGTCAGCTGCCAGATCCCATGGCCGTCATACTGTGACGTCTTTCAGACACCCCATTGACGTCAATGGGAGAACGGTACCTGAGCTCGCTAGCCTCGAGGATATCAAGATCTGGCCTCGGCGGCCAAGCTTAGACACTAGAGGGTATATAATGGAAGCTCGACT,77,scanmut_single_pos_8_T,93.57171082552628,-0.3770696490798233,0.018204951490811392
scanmut_single_pos_9_C,CCTAACTGGCCGCTTCACTGGCACCAGACCGTGACGTCAGCTGCCAGATCCCATGGCCGTCATACTGTGACGTCTTTCAGACACCCCATTGACGTCAATGGGAGAACGGTACCTGAGCTCGCTAGCCTCGAGGATATCAAGATCTGGCCTCGGCGGCCAAGCTTAGACACTAGAGGGTATATAATGGAAGCTCGACT,76,scanmut_single_pos_9_C,98.98974570418991,-0.3959286763311392,0.09941160510154716
scanmut_single_pos_9_G,CCTAACTGGCCGCTTCACTGGCACCAGACGGTGACGTCAGCTGCCAGATCCCATGGCCGTCATACTGTGACGTCTTTCAGACACCCCATTGACGTCAATGGGAGAACGGTACCTGAGCTCGCTAGCCTCGAGGATATCAAGATCTGGCCTCGGCGGCCAAGCTTAGACACTAGAGGGTATATAATGGAAGCTCGACT,90,scanmut_single_pos_9_G,87.43116934724956,-0.15200309344504995,-0.07971978536652118
scanmut_single_pos_9_T,CCTAACTGGCCGCTTCACTGGCACCAGACTGTGACGTCAGCTGCCAGATCCCATGGCCGTCATACTGTGACGTCTTTCAGACACCCCATTGACGTCAATGGGAGAACGGTACCTGAGCTCGCTAGCCTCGAGGATATCAAGATCTGGCCTCGGCGGCCAAGCTTAGACACTAGAGGGTATATAATGGAAGCTCGACT,73,scanmut_single_pos_9_T,92.51981520754312,-0.4540316308947075,0.0018949046325736306
scanmut_single_pos_10_A,CCTAACTGGCCGCTTCACTGGCACCAGACAATGACGTCAGCTGCCAGATCCCATGGCCGTCATACTGTGACGTCTTTCAGACACCCCATTGACGTCAATGGGAGAACGGTACCTGAGCTCGCTAGCCTCGAGGATATCAAGATCTGGCCTCGGCGGCCAAGCTTAGACACTAGAGGGTATATAATGGAAGCTCGACT,94,scanmut_single_pos_10_A,84.51105163443852,-0.08926733809708741,-0.12872746272579974
scanmut_single_pos_10_C,CCTAACTGGCCGCTTCACTGGCACCAGACACTGACGTCAGCTGCCAGATCCCATGGCCGTCATACTGTGACGTCTTTCAGACACCCCATTGACGTCAATGGGAGAACGGTACCTGAGCTCGCTAGCCTCGAGGATATCAAGATCTGGCCTCGGCGGCCAAGCTTAGACACTAGAGGGTATATAATGGAAGCTCGACT,133,scanmut_single_pos_10_C,106.6228459114391,0.41142624572646497,0.20657721032197054
scanmut_single_pos_10_T,CCTAACTGGCCGCTTCACTGGCACCAGACATTGACGTCAGCTGCCAGATCCCATGGCCGTCATACTGTGACGTCTTTCAGACACCCCATTGACGTCAATGGGAGAACGGTACCTGAGCTCGCTAGCCTCGAGGATATCAAGATCTGGCCTCGGCGGCCAAGCTTAGACACTAGAGGGTATATAATGGAAGCTCGACT,140,scanmut_single_pos_10_T,116.4986748964345,0.48542682717024166,0.3343741602483262
scanmut_single_pos_11_A,CCTAACTGGCCGCTTCACTGGCACCAGACAGAGACGTCAGCTGCCAGATCCCATGGCCGTCATACTGTGACGTCTTTCAGACACCCCATTGACGTCAATGGGAGAACGGTACCTGAGCTCGCTAGCCTCGAGGATATCAAGATCTGGCCTCGGCGGCCAAGCTTAGACACTAGAGGGTATATAATGGAAGCTCGACT,104,scanmut_single_pos_11_A,98.91224448268817,0.056583528366367514,0.09828164543278728
scanmut_single_pos_11_C,CCTAACTGGCCGCTTCACTGGCACCAGACAGCGACGTCAGCTGCCAGATCCCATGGCCGTCATACTGTGACGTCTTTCAGACACCCCATTGACGTCAATGGGAGAACGGTACCTGAGCTCGCTAGCCTCGAGGATATCAAGATCTGGCCTCGGCGGCCAAGCTTAGACACTAGAGGGTATATAATGGAAGCTCGACT,97,scanmut_single_pos_11_C,102.3550651772546,-0.043943347587597055,0.1476431128997185
scanmut_single_pos_11_G,CCTAACTGGCCGCTTCACTGGCACCAGACAGGGACGTCAGCTGCCAGATCCCATGGCCGTCATACTGTGACGTCTTTCAGACACCCCATTGACGTCAATGGGAGAACGGTACCTGAGCTCGCTAGCCTCGAGGATATCAAGATCTGGCCTCGGCGGCCAAGCTTAGACACTAGAGGGTATATAATGGAAGCTCGACT,86,scanmut_single_pos_11_G,94.74729061450968,-0.21759143507262677,0.03621720887990412
scanmut_single_pos_12_A,CCTAACTGGCCGCTTCACTGGCACCAGACAGTAACGTCAGCTGCCAGATCCCATGGCCGTCATACTGTGACGTCTTTCAGACACCCCATTGACGTCAATGGGAGAACGGTACCTGAGCTCGCTAGCCTCGAGGATATCAAGATCTGGCCTCGGCGGCCAAGCTTAGACACTAGAGGGTATATAATGGAAGCTCGACT,93,scanmut_single_pos_12_A,90.33559078959183,-0.10469737866669324,-0.032572981145283
scanmut_single_pos_12_C,CCTAACTGGCCGCTTCACTGGCACCAGACAGTCACGTCAGCTGCCAGATCCCATGGCCGTCATACTGTGACGTCTTTCAGACACCCCATTGACGTCAATGGGAGAACGGTACCTGAGCTCGCTAGCCTCGAGGATATCAAGATCTGGCCTCGGCGGCCAAGCTTAGACACTAGAGGGTATATAATGGAAGCTCGACT,102,scanmut_single_pos_12_C,99.59836263794304,0.02856915219677092,0.10825454528058127
scanmut_single_pos_12_T,CCTAACTGGCCGCTTCACTGGCACCAGACAGTTACGTCAGCTGCCAGATCCCATGGCCGTCATACTGTGACGTCTTTCAGACACCCCATTGACGTCAATGGGAGAACGGTACCTGAGCTCGCTAGCCTCGAGGATATCAAGATCTGGCCTCGGCGGCCAAGCTTAGACACTAGAGGGTATATAATGGAAGCTCGACT,111,scanmut_single_pos_12_T,103.8888184008443,0.15055967657538138,0.16910099977568196
scanmut_single_pos_13_C,CCTAACTGGCCGCTTCACTGGCACCAGACAGTGCCGTCAGCTGCCAGATCCCATGGCCGTCATACTGTGACGTCTTTCAGACACCCCATTGACGTCAATGGGAGAACGGTACCTGAGCTCGCTAGCCTCGAGGATATCAAGATCTGGCCTCGGCGGCCAAGCTTAGACACTAGAGGGTATATAATGGAAGCTCGACT,73,scanmut_single_pos_13_C,63.4682899911607,-0.4540316308947075,-0.5418315068035634
scanmut_single_pos_13_G,CCTAACTGGCCGCTTCACTGGCACCAGACAGTGGCGTCAGCTGCCAGATCCCATGGCCGTCATACTGTGACGTCTTTCAGACACCCCATTGACGTCAATGGGAGAACGGTACCTGAGCTCGCTAGCCTCGAGGATATCAAGATCTGGCCTCGGCGGCCAAGCTTAGACACTAGAGGGTATATAATGGAAGCTCGACT,92,scanmut_single_pos_13_G,80.34833105276041,-0.12029423371771177,-0.2015994223912647
scanmut_single_pos_13_T,CCTAACTGGCCGCTTCACTGGCACCAGACAGTGTCGTCAGCTGCCAGATCCCATGGCCGTCATACTGTGACGTCTTTCAGACACCCCATTGACGTCAATGGGAGAACGGTACCTGAGCTCGCTAGCCTCGAGGATATCAAGATCTGGCCTCGGCGGCCAAGCTTAGACACTAGAGGGTATATAATGGAAGCTCGACT,90,scanmut_single_pos_13_T,80.01538405100838,-0.15200309344504995,-0.20759007530403686
scanmut_single_pos_14_A,CCTAACTGGCCGCTTCACTGGCACCAGACAGTGAAGTCAGCTGCCAGATCCCATGGCCGTCATACTGTGACGTCTTTCAGACACCCCATTGACGTCAATGGGAGAACGGTACCTGAGCTCGCTAGCCTCGAGGATATCAAGATCTGGCCTCGGCGGCCAAGCTTAGACACTAGAGGGTATATAATGGAAGCTCGACT,81,scanmut_single_pos_14_A,66.0190127638343,-0.3040061868900999,-0.4849859148829451
scanmut_single_pos_14_G,CCTAACTGGCCGCTTCACTGGCACCAGACAGTGAGGTCAGCTGCCAGATCCCATGGCCGTCATACTGTGACGTCTTTCAGACACCCCATTGACGTCAATGGGAGAACGGTACCTGAGCTCGCTAGCCTCGAGGATATCAAGATCTGGCCTCGGCGGCCAAGCTTAGACACTAGAGGGTATATAATGGAAGCTCGACT,80,scanmut_single_pos_14_G,56.91452088715045,-0.3219280948873623,-0.6990706982922851
scanmut_single_pos_14_T,CCTAACTGGCCGCTTCACTGGCACCAGACAGTGATGTCAGCTGCCAGATCCCATGGCCGTCATACTGTGACGTCTTTCAGACACCCCATTGACGTCAATGGGAGAACGGTACCTGAGCTCGCTAGCCTCGAGGATATCAAGATCTGGCCTCGGCGGCCAAGCTTAGACACTAGAGGGTATATAATGGAAGCTCGACT,77,scanmut_single_pos_14_T,69.62945473412391,-0.3770696490798233,-0.4081697540562761
scanmut_single_pos_15_A,CCTAACTGGCCGCTTCACTGGCACCAGACAGTGACATCAGCTGCCAGATCCCATGGCCGTCATACTGTGACGTCTTTCAGACACCCCATTGACGTCAATGGGAGAACGGTACCTGAGCTCGCTAGCCTCGAGGATATCAAGATCTGGCCTCGGCGGCCAAGCTTAGACACTAGAGGGTATATAATGGAAGCTCGACT,90,scanmut_single_pos_15_A,70.31054207810494,-0.15200309344504995,-0.39412646243741845
scanmut_single_pos_15_C,CCTAACTGGCCGCTTCACTGGCACCAGACAGTGACCTCAGCTGCCAGATCCCATGGCCGTCATACTGTGACGTCTTTCAGACACCCCATTGACGTCAATGGGAGAACGGTACCTGAGCTCGCTAGCCTCGAGGATATCAAGATCTGGCCTCGGCGGCCAAGCTTAGACACTAGAGGGTATATAATGGAAGCTCGACT,82,scanmut_single_pos_15_C,61.06517960886318,-0.2863041851566411,-0.5975175142551342
scanmut_single_pos_15_T,CCTAACTGGCCGCTTCACTGGCACCAGACAGTGACTTCAGCTGCCAGATCCCATGGCCGTCATACTGTGACGTCTTTCAGACACCCCATTGACGTCAATGGGAGAACGGTACCTGAGCTCGCTAGCCTCGAGGATATCAAGATCTGGCCTCGGCGGCCAAGCTTAGACACTAGAGGGTATATAATGGAAGCTCGACT,62,scanmut_single_pos_15_T,67.1036418096276,-0.6896598793878495,-0.4614764141563755
scanmut_single_pos_16_A,CCTAACTGGCCGCTTCACTGGCACCAGACAGTGACGACAGCTGCCAGATCCCATGGCCGTCATACTGTGACGTCTTTCAGACACCCCATTGACGTCAATGGGAGAACGGTACCTGAGCTCGCTAGCCTCGAGGATATCAAGATCTGGCCTCGGCGGCCAAGCTTAGACACTAGAGGGTATATAATGGAAGCTCGACT,89,scanmut_single_pos_16_A,84.12706500441121,-0.16812275880832692,-0.13529746689028066
scanmut_single_pos_16_C,CCTAACTGGCCGCTTCACTGGCACCAGACAGTGACGCCAGCTGCCAGATCCCATGGCCGTCATACTGTGACGTCTTTCAGACACCCCATTGACGTCAATGGGAGAACGGTACCTGAGCTCGCTAGCCTCGAGGATATCAAGATCTGGCCTCGGCGGCCAAGCTTAGACACTAGAGGGTATATAATGGAAGCTCGACT,78,scanmut_single_pos_16_C,84.14973647294167,-0.3584539709124763,-0.13490872625426534
scanmut_single_pos_16_G,CCTAACTGGCCGCTTCACTGGCACCAGACAGTGACGGCAGCTGCCAGATCCCATGGCCGTCATACTGTGACGTCTTTCAGACACCCCATTGACGTCAATGGGAGAACGGTACCTGAGCTCGCTAGCCTCGAGGATATCAAGATCTGGCCTCGGCGGCCAAGCTTAGACACTAGAGGGTATATAATGGAAGCTCGACT,78,scanmut_single_pos_16_G,69.52422370570366,-0.3584539709124763,-0.4103517490059099
scanmut_single_pos_17_A,CCTAACTGGCCGCTTCACTGGCACCAGACAGTGACGTAAGCTGCCAGATCCCATGGCCGTCATACTGTGACGTCTTTCAGACACCCCATTGACGTCAATGGGAGAACGGTACCTGAGCTCGCTAGCCTCGAGGATATCAAGATCTGGCCTCGGCGGCCAAGCTTAGACACTAGAGGGTATATAATGGAAGCTCGACT,87,scanmut_single_pos_17_A,109.5655114433912,-0.2009126939259964,0.24585435954665993
scanmut_single_pos_17_G,CCTAACTGGCCGCTTCACTGGCACCAGACAGTGACGTGAGCTGCCAGATCCCATGGCCGTCATACTGTGACGTCTTTCAGACACCCCATTGACGTCAATGGGAGAACGGTACCTGAGCTCGCTAGCCTCGAGGATATCAAGATCTGGCCTCGGCGGCCAAGCTTAGACACTAGAGGGTATATAATGGAAGCTCGACT,82,scanmut_single_pos_17_G,105.1189235653212,-0.2863041851566411,0.186083022498109
scanmut_single_pos_17_T,CCTAACTGGCCGCTTCACTGGCACCAGACAGTGACGTTAGCTGCCAGATCCCATGGCCGTCATACTGTGACGTCTTTCAGACACCCCATTGACGTCAATGGGAGAACGGTACCTGAGCTCGCTAGCCTCGAGGATATCAAGATCTGGCCTCGGCGGCCAAGCTTAGACACTAGAGGGTATATAATGGAAGCTCGACT,97,scanmut_single_pos_17_T,100.2385118498956,-0.043943347587597055,0.11749751662779194
scanmut_single_pos_18_C,CCTAACTGGCCGCTTCACTGGCACCAGACAGTGACGTCCGCTGCCAGATCCCATGGCCGTCATACTGTGACGTCTTTCAGACACCCCATTGACGTCAATGGGAGAACGGTACCTGAGCTCGCTAGCCTCGAGGATATCAAGATCTGGCCTCGGCGGCCAAGCTTAGACACTAGAGGGTATATAATGGAAGCTCGACT,86,scanmut_single_pos_18_C,102.9856660151338,-0.21759143507262677,0.1565041660023001
scanmut_single_pos_18_G,CCTAACTGGCCGCTTCACTGGCACCAGACAGTGACGTCGGCTGCCAGATCCCATGGCCGTCATACTGTGACGTCTTTCAGACACCCCATTGACGTCAATGGGAGAACGGTACCTGAGCTCGCTAGCCTCGAGGATATCAAGATCTGGCCTCGGCGGCCAAGCTTAGACACTAGAGGGTATATAATGGAAGCTCGACT,90,scanmut_single_pos_18_G,108.7676916333999,-0.15200309344504995,0.23531069701376964
scanmut_single_pos_18_T,CCTAACTGGCCGCTTCACTGGCACCAGACAGTGACGTCTGCTGCCAGATCCCATGGCCGTCATACTGTGACGTCTTTCAGACACCCCATTGACGTCAATGGGAGAACGGTACCTGAGCTCGCTAGCCTCGAGGATATCAAGATCTGGCCTCGGCGGCCAAGCTTAGACACTAGAGGGTATATAATGGAAGCTCGACT,96,scanmut_single_pos_18_T,112.5803022635939,-0.058893689053568565,0.28501504185248083
scanmut_single_pos_19_A,CCTAACTGGCCGCTTCACTGGCACCAGACAGTGACGTCAACTGCCAGATCCCATGGCCGTCATACTGTGACGTCTTTCAGACACCCCATTGACGTCAATGGGAGAACGGTACCTGAGCTCGCTAGCCTCGAGGATATCAAGATCTGGCCTCGGCGGCCAAGCTTAGACACTAGAGGGTATATAATGGAAGCTCGACT,98,scanmut_single_pos_19_A,108.2081510630982,-0.029146345659516508,0.22786979312881328
scanmut_single_pos_19_C,CCTAACTGGCCGCTTCACTGGCACCAGACAGTGACGTCACCTGCCAGATCCCATGGCCGTCATACTGTGACGTCTTTCAGACACCCCATTGACGTCAATGGGAGAACGGTACCTGAGCTCGCTAGCCTCGAGGATATCAAGATCTGGCCTCGGCGGCCAAGCTTAGACACTAGAGGGTATATAATGGAAGCTCGACT,88,scanmut_single_pos_19_C,73.47077671746536,-0.18442457113742744,-0.3306969532390061
scanmut_single_pos_19_T,CCTAACTGGCCGCTTCACTGGCACCAGACAGTGACGTCATCTGCCAGATCCCATGGCCGTCATACTGTGACGTCTTTCAGACACCCCATTGACGTCAATGGGAGAACGGTACCTGAGCTCGCTAGCCTCGAGGATATCAAGATCTGGCCTCGGCGGCCAAGCTTAGACACTAGAGGGTATATAATGGAAGCTCGACT,77,scanmut_single_pos_19_T,64.58350190765553,-0.3770696490798233,-0.5167018095622785
scanmut_single_pos_20_A,CCTAACTGGCCGCTTCACTGGCACCAGACAGTGACGTCAGATGCCAGATCCCATGGCCGTCATACTGTGACGTCTTTCAGACACCCCATTGACGTCAATGGGAGAACGGTACCTGAGCTCGCTAGCCTCGAGGATATCAAGATCTGGCCTCGGCGGCCAAGCTTAGACACTAGAGGGTATATAATGGAAGCTCGACT,74,scanmut_single_pos_20_A,102.8072767853856,-0.4344028241457749,0.15400299839115986
scanmut_single_pos_20_G,CCTAACTGGCCGCTTCACTGGCACCAGACAGTGACGTCAGGTGCCAGATCCCATGGCCGTCATACTGTGACGTCTTTCAGACACCCCATTGACGTCAATGGGAGAACGGTACCTGAGCTCGCTAGCCTCGAGGATATCAAGATCTGGCCTCGGCGGCCAAGCTTAGACACTAGAGGGTATATAATGGAAGCTCGACT,85,scanmut_single_pos_20_G,106.7767001609738,-0.23446525363702297,0.2086574846746331
scanmut_single_pos_20_T,CCTAACTGGCCGCTTCACTGGCACCAGACAGTGACGTCAGTTGCCAGATCCCATGGCCGTCATACTGTGACGTCTTTCAGACACCCCATTGACGTCAATGGGAGAACGGTACCTGAGCTCGCTAGCCTCGAGGATATCAAGATCTGGCCTCGGCGGCCAAGCTTAGACACTAGAGGGTATATAATGGAAGCTCGACT,104,scanmut_single_pos_20_T,100.1282045293937,0.056583528366367514,0.11590903084317732
scanmut_single_pos_21_A,CCTAACTGGCCGCTTCACTGGCACCAGACAGTGACGTCAGCAGCCAGATCCCATGGCCGTCATACTGTGACGTCTTTCAGACACCCCATTGACGTCAATGGGAGAACGGTACCTGAGCTCGCTAGCCTCGAGGATATCAAGATCTGGCCTCGGCGGCCAAGCTTAGACACTAGAGGGTATATAATGGAAGCTCGACT,90,scanmut_single_pos_21_A,86.08583668153634,-0.15200309344504995,-0.10209158283829371
scanmut_single_pos_21_C,CCTAACTGGCCGCTTCACTGGCACCAGACAGTGACGTCAGCCGCCAGATCCCATGGCCGTCATACTGTGACGTCTTTCAGACACCCCATTGACGTCAATGGGAGAACGGTACCTGAGCTCGCTAGCCTCGAGGATATCAAGATCTGGCCTCGGCGGCCAAGCTTAGACACTAGAGGGTATATAATGGAAGCTCGACT,106,scanmut_single_pos_21_C,91.34271590784022,0.08406426478847455,-0.016577793568114833
scanmut_single_pos_21_G,CCTAACTGGCCGCTTCACTGGCACCAGACAGTGACGTCAGCGGCCAGATCCCATGGCCGTCATACTGTGACGTCTTTCAGACACCCCATTGACGTCAATGGGAGAACGGTACCTGAGCTCGCTAGCCTCGAGGATATCAAGATCTGGCCTCGGCGGCCAAGCTTAGACACTAGAGGGTATATAATGGAAGCTCGACT,71,scanmut_single_pos_21_G,85.3940976392973,-0.4941090702700427,-0.11373112425783344
scanmut_single_pos_22_A,CCTAACTGGCCGCTTCACTGGCACCAGACAGTGACGTCAGCTACCAGATCCCATGGCCGTCATACTGTGACGTCTTTCAGACACCCCATTGACGTCAATGGGAGAACGGTACCTGAGCTCGCTAGCCTCGAGGATATCAAGATCTGGCCTCGGCGGCCAAGCTTAGACACTAGAGGGTATATAATGGAAGCTCGACT,91,scanmut_single_pos_22_A,91.28065117821588,-0.13606154957602837,-0.017558396242560417
scanmut_single_pos_22_C,CCTAACTGGCCGCTTCACTGGCACCAGACAGTGACGTCAGCTCCCAGATCCCATGGCCGTCATACTGTGACGTCTTTCAGACACCCCATTGACGTCAATGGGAGAACGGTACCTGAGCTCGCTAGCCTCGAGGATATCAAGATCTGGCCTCGGCGGCCAAGCTTAGACACTAGAGGGTATATAATGGAAGCTCGACT,102,scanmut_single_pos_22_C,97.46188559641269,0.02856915219677092,0.07697065483202294
scanmut_single_pos_22_T,CCTAACTGGCCGCTTCACTGGCACCAGACAGTGACGTCAGCTTCCAGATCCCATGGCCGTCATACTGTGACGTCTTTCAGACACCCCATTGACGTCAATGGGAGAACGGTACCTGAGCTCGCTAGCCTCGAGGATATCAAGATCTGGCCTCGGCGGCCAAGCTTAGACACTAGAGGGTATATAATGGAAGCTCGACT,92,scanmut_single_pos_22_T,89.39523943968202,-0.12029423371771177,-0.04766947412294091
scanmut_single_pos_23_A,CCTAACTGGCCGCTTCACTGGCACCAGACAGTGACGTCAGCTGACAGATCCCATGGCCGTCATACTGTGACGTCTTTCAGACACCCCATTGACGTCAATGGGAGAACGGTACCTGAGCTCGCTAGCCTCGAGGATATCAAGATCTGGCCTCGGCGGCCAAGCTTAGACACTAGAGGGTATATAATGGAAGCTCGACT,101,scanmut_single_pos_23_A,98.47646286353287,0.014355292977070054,0.09191146336140743
scanmut_single_pos_23_G,CCTAACTGGCCGCTTCACTGGCACCAGACAGTGACGTCAGCTGGCAGATCCCATGGCCGTCATACTGTGACGTCTTTCAGACACCCCATTGACGTCAATGGGAGAACGGTACCTGAGCTCGCTAGCCTCGAGGATATCAAGATCTGGCCTCGGCGGCCAAGCTTAGACACTAGAGGGTATATAATGGAAGCTCGACT,104,scanmut_single_pos_23_G,92.78352112527612,0.056583528366367514,0.006001117549473046
scanmut_single_pos_23_T,CCTAACTGGCCGCTTCACTGGCACCAGACAGTGACGTCAGCTGTCAGATCCCATGGCCGTCATACTGTGACGTCTTTCAGACACCCCATTGACGTCAATGGGAGAACGGTACCTGAGCTCGCTAGCCTCGAGGATATCAAGATCTGGCCTCGGCGGCCAAGCTTAGACACTAGAGGGTATATAATGGAAGCTCGACT,99,scanmut_single_pos_23_T,96.65151316533976,-0.014499569695115089,0.06492483947781999
scanmut_single_pos_24_A,CCTAACTGGCCGCTTCACTGGCACCAGACAGTGACGTCAGCTGCAAGATCCCATGGCCGTCATACTGTGACGTCTTTCAGACACCCCATTGACGTCAATGGGAGAACGGTACCTGAGCTCGCTAGCCTCGAGGATATCAAGATCTGGCCTCGGCGGCCAAGCTTAGACACTAGAGGGTATATAATGGAAGCTCGACT,101,scanmut_single_pos_24_A,93.71066967403576,0.014355292977070054,0.020345839254908682
scanmut_single_pos_24_G,CCTAACTGGCCGCTTCACTGGCACCAGACAGTGACGTCAGCTGCGAGATCCCATGGCCGTCATACTGTGACGTCTTTCAGACACCCCATTGACGTCAATGGGAGAACGGTACCTGAGCTCGCTAGCCTCGAGGATATCAAGATCTGGCCTCGGCGGCCAAGCTTAGACACTAGAGGGTATATAATGGAAGCTCGACT,97,scanmut_single_pos_24_G,99.07873185708846,-0.043943347587597055,0.10070792334171062
scanmut_single_pos_24_T,CCTAACTGGCCGCTTCACTGGCACCAGACAGTGACGTCAGCTGCTAGATCCCATGGCCGTCATACTGTGACGTCTTTCAGACACCCCATTGACGTCAATGGGAGAACGGTACCTGAGCTCGCTAGCCTCGAGGATATCAAGATCTGGCCTCGGCGGCCAAGCTTAGACACTAGAGGGTATATAATGGAAGCTCGACT,101,scanmut_single_pos_24_T,91.06388310204623,0.014355292977070054,-0.02098850043586464
scanmut_single_pos_25_C,CCTAACTGGCCGCTTCACTGGCACCAGACAGTGACGTCAGCTGCCCGATCCCATGGCCGTCATACTGTGACGTCTTTCAGACACCCCATTGACGTCAATGGGAGAACGGTACCTGAGCTCGCTAGCCTCGAGGATATCAAGATCTGGCCTCGGCGGCCAAGCTTAGACACTAGAGGGTATATAATGGAAGCTCGACT,106,scanmut_single_pos_25_C,90.56663854165176,0.08406426478847455,-0.028887768104130653
scanmut_single_pos_25_G,CCTAACTGGCCGCTTCACTGGCACCAGACAGTGACGTCAGCTGCCGGATCCCATGGCCGTCATACTGTGACGTCTTTCAGACACCCCATTGACGTCAATGGGAGAACGGTACCTGAGCTCGCTAGCCTCGAGGATATCAAGATCTGGCCTCGGCGGCCAAGCTTAGACACTAGAGGGTATATAATGGAAGCTCGACT,96,scanmut_single_pos_25_G,94.62464979722866,-0.058893689053568565,0.03434857593192808
scanmut_single_pos_25_T,CCTAACTGGCCGCTTCACTGGCACCAGACAGTGACGTCAGCTGCCTGATCCCATGGCCGTCATACTGTGACGTCTTTCAGACACCCCATTGACGTCAATGGGAGAACGGTACCTGAGCTCGCTAGCCTCGAGGATATCAAGATCTGGCCTCGGCGGCCAAGCTTAGACACTAGAGGGTATATAATGGAAGCTCGACT,107,scanmut_single_pos_25_T,97.191684158131,0.09761079662642233,0.07296540051362302
scanmut_single_pos_26_A,CCTAACTGGCCGCTTCACTGGCACCAGACAGTGACGTCAGCTGCCAAATCCCATGGCCGTCATACTGTGACGTCTTTCAGACACCCCATTGACGTCAATGGGAGAACGGTACCTGAGCTCGCTAGCCTCGAGGATATCAAGATCTGGCCTCGGCGGCCAAGCTTAGACACTAGAGGGTATATAATGGAAGCTCGACT,123,scanmut_single_pos_26_A,94.05283409048752,0.29865831556451516,0.02560393726989836
scanmut_single_pos_26_C,CCTAACTGGCCGCTTCACTGGCACCAGACAGTGACGTCAGCTGCCACATCCCATGGCCGTCATACTGTGACGTCTTTCAGACACCCCATTGACGTCAATGGGAGAACGGTACCTGAGCTCGCTAGCCTCGAGGATATCAAGATCTGGCCTCGGCGGCCAAGCTTAGACACTAGAGGGTATATAATGGAAGCTCGACT,106,scanmut_single_pos_26_C,108.6751114460989,0.08406426478847455,0.23408219017626614
scanmut_single_pos_26_T,CCTAACTGGCCGCTTCACTGGCACCAGACAGTGACGTCAGCTGCCATATCCCATGGCCGTCATACTGTGACGTCTTTCAGACACCCCATTGACGTCAATGGGAGAACGGTACCTGAGCTCGCTAGCCTCGAGGATATCAAGATCTGGCCTCGGCGGCCAAGCTTAGACACTAGAGGGTATATAATGGAAGCTCGACT,115,scanmut_single_pos_26_T,101.6426818929991,0.2016338611696504,0.13756696231511104
scanmut_single_pos_27_C,CCTAACTGGCCGCTTCACTGGCACCAGACAGTGACGTCAGCTGCCAGCTCCCATGGCCGTCATACTGTGACGTCTTTCAGACACCCCATTGACGTCAATGGGAGAACGGTACCTGAGCTCGCTAGCCTCGAGGATATCAAGATCTGGCCTCGGCGGCCAAGCTTAGACACTAGAGGGTATATAATGGAAGCTCGACT,99,scanmut_single_pos_27_C,97.33489065853055,-0.014499569695115089,0.0750895662783043
scanmut_single_pos_27_G,CCTAACTGGCCGCTTCACTGGCACCAGACAGTGACGTCAGCTGCCAGGTCCCATGGCCGTCATACTGTGACGTCTTTCAGACACCCCATTGACGTCAATGGGAGAACGGTACCTGAGCTCGCTAGCCTCGAGGATATCAAGATCTGGCCTCGGCGGCCAAGCTTAGACACTAGAGGGTATATAATGGAAGCTCGACT,85,scanmut_single_pos_27_G,97.94115328085726,-0.23446525363702297,0.08404770442245928
scanmut_single_pos_27_T,CCTAACTGGCCGCTTCACTGGCACCAGACAGTGACGTCAGCTGCCAGTTCCCATGGCCGTCATACTGTGACGTCTTTCAGACACCCCATTGACGTCAATGGGAGAACGGTACCTGAGCTCGCTAGCCTCGAGGATATCAAGATCTGGCCTCGGCGGCCAAGCTTAGACACTAGAGGGTATATAATGGAAGCTCGACT,102,scanmut_single_pos_27_T,89.54014101054415,0.02856915219677092,-0.04533288956520786
scanmut_single_pos_28_A,CCTAACTGGCCGCTTCACTGGCACCAGACAGTGACGTCAGCTGCCAGAACCCATGGCCGTCATACTGTGACGTCTTTCAGACACCCCATTGACGTCAATGGGAGAACGGTACCTGAGCTCGCTAGCCTCGAGGATATCAAGATCTGGCCTCGGCGGCCAAGCTTAGACACTAGAGGGTATATAATGGAAGCTCGACT,91,scanmut_single_pos_28_A,90.49446008753712,-0.13606154957602837,-0.030038004174878292
scanmut_single_pos_28_C,CCTAACTGGCCGCTTCACTGGCACCAGACAGTGACGTCAGCTGCCAGACCCCATGGCCGTCATACTGTGACGTCTTTCAGACACCCCATTGACGTCAATGGGAGAACGGTACCTGAGCTCGCTAGCCTCGAGGATATCAAGATCTGGCCTCGGCGGCCAAGCTTAGACACTAGAGGGTATATAATGGAAGCTCGACT,87,scanmut_single_pos_28_C,92.63453659170196,-0.2009126939259964,0.003682688625562909
scanmut_single_pos_28_G,CCTAACTGGCCGCTTCACTGGCACCAGACAGTGACGTCAGCTGCCAGAGCCCATGGCCGTCATACTGTGACGTCTTTCAGACACCCCATTGACGTCAATGGGAGAACGGTACCTGAGCTCGCTAGCCTCGAGGATATCAAGATCTGGCCTCGGCGGCCAAGCTTAGACACTAGAGGGTATATAATGGAAGCTCGACT,92,scanmut_single_pos_28_G,88.094352758878,-0.12029423371771177,-0.06881794088870667
scanmut_single_pos_29_A,CCTAACTGGCCGCTTCACTGGCACCAGACAGTGACGTCAGCTGCCAGATACCATGGCCGTCATACTGTGACGTCTTTCAGACACCCCATTGACGTCAATGGGAGAACGGTACCTGAGCTCGCTAGCCTCGAGGATATCAAGATCTGGCCTCGGCGGCCAAGCTTAGACACTAGAGGGTATATAATGGAAGCTCGACT,91,scanmut_single_pos_29_A,95.81047850610194,-0.13606154957602837,0.05231596803274494
scanmut_single_pos_29_G,CCTAACTGGCCGCTTCACTGGCACCAGACAGTGACGTCAGCTGCCAGATGCCATGGCCGTCATACTGTGACGTCTTTCAGACACCCCATTGACGTCAATGGGAGAACGGTACCTGAGCTCGCTAGCCTCGAGGATATCAAGATCTGGCCTCGGCGGCCAAGCTTAGACACTAGAGGGTATATAATGGAAGCTCGACT,93,scanmut_single_pos_29_G,109.0114314486124,-0.10469737866669324,0.23854004576421925
scanmut_single_pos_29_T,CCTAACTGGCCGCTTCACTGGCACCAGACAGTGACGTCAGCTGCCAGATTCCATGGCCGTCATACTGTGACGTCTTTCAGACACCCCATTGACGTCAATGGGAGAACGGTACCTGAGCTCGCTAGCCTCGAGGATATCAAGATCTGGCCTCGGCGGCCAAGCTTAGACACTAGAGGGTATATAATGGAAGCTCGACT,96,scanmut_single_pos_29_T,92.8429345928446,-0.058893689053568565,0.00692464450707715
scanmut_single_pos_30_A,CCTAACTGGCCGCTTCACTGGCACCAGACAGTGACGTCAGCTGCCAGATCACATGGCCGTCATACTGTGACGTCTTTCAGACACCCCATTGACGTCAATGGGAGAACGGTACCTGAGCTCGCTAGCCTCGAGGATATCAAGATCTGGCCTCGGCGGCCAAGCTTAGACACTAGAGGGTATATAATGGAAGCTCGACT,107,scanmut_single_pos_30_A,105.4482942322007,0.09761079662642233,0.19059637286898934
scanmut_single_pos_30_G,CCTAACTGGCCGCTTCACTGGCACCAGACAGTGACGTCAGCTGCCAGATCGCATGGCCGTCATACTGTGACGTCTTTCAGACACCCCATTGACGTCAATGGGAGAACGGTACCTGAGCTCGCTAGCCTCGAGGATATCAAGATCTGGCCTCGGCGGCCAAGCTTAGACACTAGAGGGTATATAATGGAAGCTCGACT,75,scanmut_single_pos_30_G,94.99510521211872,-0.4150374992788438,0.03998569818096947
scanmut_single_pos_30_T,CCTAACTGGCCGCTTCACTGGCACCAGACAGTGACGTCAGCTGCCAGATCTCATGGCCGTCATACTGTGACGTCTTTCAGACACCCCATTGACGTCAATGGGAGAACGGTACCTGAGCTCGCTAGCCTCGAGGATATCAAGATCTGGCCTCGGCGGCCAAGCTTAGACACTAGAGGGTATATAATGGAAGCTCGACT,88,scanmut_single_pos_30_T,98.7966052964158,-0.18442457113742744,0.09659399108874947
scanmut_single_pos_31_A,CCTAACTGGCCGCTTCACTGGCACCAGACAGTGACGTCAGCTGCCAGATCCAATGGCCGTCATACTGTGACGTCTTTCAGACACCCCATTGACGTCAATGGGAGAACGGTACCTGAGCTCGCTAGCCTCGAGGATATCAAGATCTGGCCTCGGCGGCCAAGCTTAGACACTAGAGGGTATATAATGGAAGCTCGACT,89,scanmut_single_pos_31_A,85.10600726827221,-0.16812275880832692,-0.11860651064391911
scanmut_single_pos_31_G,CCTAACTGGCCGCTTCACTGGCACCAGACAGTGACGTCAGCTGCCAGATCCGATGGCCGTCATACTGTGACGTCTTTCAGACACCCCATTGACGTCAATGGGAGAACGGTACCTGAGCTCGCTAGCCTCGAGGATATCAAGATCTGGCCTCGGCGGCCAAGCTTAGACACTAGAGGGTATATAATGGAAGCTCGACT,80,scanmut_single_pos_31_G,89.99787947769892,-0.3219280948873623,-0.03797647062237638
scanmut_single_pos_31_T,CCTAACTGGCCGCTTCACTGGCACCAGACAGTGACGTCAGCTGCCAGATCCTATGGCCGTCATACTGTGACGTCTTTCAGACACCCCATTGACGTCAATGGGAGAACGGTACCTGAGCTCGCTAGCCTCGAGGATATCAAGATCTGGCCTCGGCGGCCAAGCTTAGACACTAGAGGGTATATAATGGAAGCTCGACT,94,scanmut_single_pos_31_T,90.23414507829384,-0.08926733809708741,-0.03419401956906595
scanmut_single_pos_32_C,CCTAACTGGCCGCTTCACTGGCACCAGACAGTGACGTCAGCTGCCAGATCCCCTGGCCGTCATACTGTGACGTCTTTCAGACACCCCATTGACGTCAATGGGAGAACGGTACCTGAGCTCGCTAGCCTCGAGGATATCAAGATCTGGCCTCGGCGGCCAAGCTTAGACACTAGAGGGTATATAATGGAAGCTCGACT,78,scanmut_single_pos_32_C,89.02449093362387,-0.3584539709124763,-0.05366519892130624
scanmut_single_pos_32_G,CCTAACTGGCCGCTTCACTGGCACCAGACAGTGACGTCAGCTGCCAGATCCCGTGGCCGTCATACTGTGACGTCTTTCAGACACCCCATTGACGTCAATGGGAGAACGGTACCTGAGCTCGCTAGCCTCGAGGATATCAAGATCTGGCCTCGGCGGCCAAGCTTAGACACTAGAGGGTATATAATGGAAGCTCGACT,90,scanmut_single_pos_32_G,96.61804552661292,-0.15200309344504995,0.06442518917354126
scanmut_single_pos_32_T,CCTAACTGGCCGCTTCACTGGCACCAGACAGTGACGTCAGCTGCCAGATCCCTTGGCCGTCATACTGTGACGTCTTTCAGACACCCCATTGACGTCAATGGGAGAACGGTACCTGAGCTCGCTAGCCTCGAGGATATCAAGATCTGGCCTCGGCGGCCAAGCTTAGACACTAGAGGGTATATAATGGAAGCTCGACT,90,scanmut_single_pos_32_T,89.27054740475829,-0.15200309344504995,-0.04968320728144906
scanmut_single_pos_33_A,CCTAACTGGCCGCTTCACTGGCACCAGACAGTGACGTCAGCTGCCAGATCCCAAGGCCGTCATACTGTGACGTCTTTCAGACACCCCATTGACGTCAATGGGAGAACGGTACCTGAGCTCGCTAGCCTCGAGGATATCAAGATCTGGCCTCGGCGGCCAAGCTTAGACACTAGAGGGTATATAATGGAAGCTCGACT,82,scanmut_single_pos_33_A,87.23902998598365,-0.2863041851566411,-0.08289375112051965
scanmut_single_pos_33_C,CCTAACTGGCCGCTTCACTGGCACCAGACAGTGACGTCAGCTGCCAGATCCCACGGCCGTCATACTGTGACGTCTTTCAGACACCCCATTGACGTCAATGGGAGAACGGTACCTGAGCTCGCTAGCCTCGAGGATATCAAGATCTGGCCTCGGCGGCCAAGCTTAGACACTAGAGGGTATATAATGGAAGCTCGACT,89,scanmut_single_pos_33_C,90.32641650540036,-0.16812275880832692,-0.03271950552543678
scanmut_single_pos_33_G,CCTAACTGGCCGCTTCACTGGCACCAGACAGTGACGTCAGCTGCCAGATCCCAGGGCCGTCATACTGTGACGTCTTTCAGACACCCCATTGACGTCAATGGGAGAACGGTACCTGAGCTCGCTAGCCTCGAGGATATCAAGATCTGGCCTCGGCGGCCAAGCTTAGACACTAGAGGGTATATAATGGAAGCTCGACT,84,scanmut_single_pos_33_G,85.8756033171964,-0.25153876699596445,-0.10561915021939969
scanmut_single_pos_34_A,CCTAACTGGCCGCTTCACTGGCACCAGACAGTGACGTCAGCTGCCAGATCCCATAGCCGTCATACTGTGACGTCTTTCAGACACCCCATTGACGTCAATGGGAGAACGGTACCTGAGCTCGCTAGCCTCGAGGATATCAAGATCTGGCCTCGGCGGCCAAGCTTAGACACTAGAGGGTATATAATGGAAGCTCGACT,102,scanmut_single_pos_34_A,90.89391712335164,0.02856915219677092,-0.023683731369593272
scanmut_single_pos_34_C,CCTAACTGGCCGCTTCACTGGCACCAGACAGTGACGTCAGCTGCCAGATCCCATCGCCGTCATACTGTGACGTCTTTCAGACACCCCATTGACGTCAATGGGAGAACGGTACCTGAGCTCGCTAGCCTCGAGGATATCAAGATCTGGCCTCGGCGGCCAAGCTTAGACACTAGAGGGTATATAATGGAAGCTCGACT,95,scanmut_single_pos_34_C,97.36582061870162,-0.07400058144377693,0.0755479364633573
scanmut_single_pos_34_T,CCTAACTGGCCGCTTCACTGGCACCAGACAGTGACGTCAGCTGCCAGATCCCATTGCCGTCATACTGTGACGTCTTTCAGACACCCCATTGACGTCAATGGGAGAACGGTACCTGAGCTCGCTAGCCTCGAGGATATCAAGATCTGGCCTCGGCGGCCAAGCTTAGACACTAGAGGGTATATAATGGAAGCTCGACT,122,scanmut_single_pos_34_T,100.6484660950649,0.28688114778816154,0.12338580051332382
scanmut_single_pos_35_A,CCTAACTGGCCGCTTCACTGGCACCAGACAGTGACGTCAGCTGCCAGATCCCATGACCGTCATACTGTGACGTCTTTCAGACACCCCATTGACGTCAATGGGAGAACGGTACCTGAGCTCGCTAGCCTCGAGGATATCAAGATCTGGCCTCGGCGGCCAAGCTTAGACACTAGAGGGTATATAATGGAAGCTCGACT,134,scanmut_single_pos_35_A,90.85317323348109,0.4222330006830478,-0.024330575384890377
scanmut_single_pos_35_C,CCTAACTGGCCGCTTCACTGGCACCAGACAGTGACGTCAGCTGCCAGATCCCATGCCCGTCATACTGTGACGTCTTTCAGACACCCCATTGACGTCAATGGGAGAACGGTACCTGAGCTCGCTAGCCTCGAGGATATCAAGATCTGGCCTCGGCGGCCAAGCTTAGACACTAGAGGGTATATAATGGAAGCTCGACT,99,scanmut_single_pos_35_C,85.94251109213434,-0.014499569695115089,-0.1044955490169202
scanmut_single_pos_35_T,CCTAACTGGCCGCTTCACTGGCACCAGACAGTGACGTCAGCTGCCAGATCCCATGTCCGTCATACTGTGACGTCTTTCAGACACCCCATTGACGTCAATGGGAGAACGGTACCTGAGCTCGCTAGCCTCGAGGATATCAAGATCTGGCCTCGGCGGCCAAGCTTAGACACTAGAGGGTATATAATGGAAGCTCGACT,94,scanmut_single_pos_35_T,96.18654603876888,-0.08926733809708741,0.05796763330776279
scanmut_single_pos_36_A,CCTAACTGGCCGCTTCACTGGCACCAGACAGTGACGTCAGCTGCCAGATCCCATGGACGTCATACTGTGACGTCTTTCAGACACCCCATTGACGTCAATGGGAGAACGGTACCTGAGCTCGCTAGCCTCGAGGATATCAAGATCTGGCCTCGGCGGCCAAGCTTAGACACTAGAGGGTATATAATGGAAGCTCGACT,109,scanmut_single_pos_36_A,143.7181696172026,0.12432813500220177,0.6373030816030095
scanmut_single_pos_36_G,CCTAACTGGCCGCTTCACTGGCACCAGACAGTGACGTCAGCTGCCAGATCCCATGGGCGTCATACTGTGACGTCTTTCAGACACCCCATTGACGTCAATGGGAGAACGGTACCTGAGCTCGCTAGCCTCGAGGATATCAAGATCTGGCCTCGGCGGCCAAGCTTAGACACTAGAGGGTATATAATGGAAGCTCGACT,110,scanmut_single_pos_36_G,99.32694491366628,0.13750352374993502,0.1043176580877657
scanmut_single_pos_36_T,CCTAACTGGCCGCTTCACTGGCACCAGACAGTGACGTCAGCTGCCAGATCCCATGGTCGTCATACTGTGACGTCTTTCAGACACCCCATTGACGTCAATGGGAGAACGGTACCTGAGCTCGCTAGCCTCGAGGATATCAAGATCTGGCCTCGGCGGCCAAGCTTAGACACTAGAGGGTATATAATGGAAGCTCGACT,103,scanmut_single_pos_36_T,95.75961550254272,0.04264433740849372,0.051549879723360316
scanmut_single_pos_37_A,CCTAACTGGCCGCTTCACTGGCACCAGACAGTGACGTCAGCTGCCAGATCCCATGGCAGTCATACTGTGACGTCTTTCAGACACCCCATTGACGTCAATGGGAGAACGGTACCTGAGCTCGCTAGCCTCGAGGATATCAAGATCTGGCCTCGGCGGCCAAGCTTAGACACTAGAGGGTATATAATGGAAGCTCGACT,72,scanmut_single_pos_37_A,72.87719002663023,-0.4739311883324124,-0.34240014653031486
scanmut_single_pos_37_G,CCTAACTGGCCGCTTCACTGGCACCAGACAGTGACGTCAGCTGCCAGATCCCATGGCGGTCATACTGTGACGTCTTTCAGACACCCCATTGACGTCAATGGGAGAACGGTACCTGAGCTCGCTAGCCTCGAGGATATCAAGATCTGGCCTCGGCGGCCAAGCTTAGACACTAGAGGGTATATAATGGAAGCTCGACT,68,scanmut_single_pos_37_G,76.33160806716278,-0.5563933485243852,-0.2755868951072037
scanmut_single_pos_37_T,CCTAACTGGCCGCTTCACTGGCACCAGACAGTGACGTCAGCTGCCAGATCCCATGGCTGTCATACTGTGACGTCTTTCAGACACCCCATTGACGTCAATGGGAGAACGGTACCTGAGCTCGCTAGCCTCGAGGATATCAAGATCTGGCCTCGGCGGCCAAGCTTAGACACTAGAGGGTATATAATGGAAGCTCGACT,66,scanmut_single_pos_37_T,76.44515790591205,-0.5994620704162712,-0.27344235672299877
scanmut_single_pos_38_A,CCTAACTGGCCGCTTCACTGGCACCAGACAGTGACGTCAGCTGCCAGATCCCATGGCCATCATACTGTGACGTCTTTCAGACACCCCATTGACGTCAATGGGAGAACGGTACCTGAGCTCGCTAGCCTCGAGGATATCAAGATCTGGCCTCGGCGGCCAAGCTTAGACACTAGAGGGTATATAATGGAAGCTCGACT,69,scanmut_single_pos_38_A,73.9505607678103,-0.5353317329965558,-0.3213063924724628
scanmut_single_pos_38_C,CCTAACTGGCCGCTTCACTGGCACCAGACAGTGACGTCAGCTGCCAGATCCCATGGCCCTCATACTGTGACGTCTTTCAGACACCCCATTGACGTCAATGGGAGAACGGTACCTGAGCTCGCTAGCCTCGAGGATATCAAGATCTGGCCTCGGCGGCCAAGCTTAGACACTAGAGGGTATATAATGGAAGCTCGACT,76,scanmut_single_pos_38_C,70.76011957642582,-0.3959286763311392,-0.384930993790244
scanmut_single_pos_38_T,CCTAACTGGCCGCTTCACTGGCACCAGACAGTGACGTCAGCTGCCAGATCCCATGGCCTTCATACTGTGACGTCTTTCAGACACCCCATTGACGTCAATGGGAGAACGGTACCTGAGCTCGCTAGCCTCGAGGATATCAAGATCTGGCCTCGGCGGCCAAGCTTAGACACTAGAGGGTATATAATGGAAGCTCGACT,61,scanmut_single_pos_38_T,75.91865733568376,-0.7131188522118385,-0.28341300210024806
scanmut_single_pos_39_A,CCTAACTGGCCGCTTCACTGGCACCAGACAGTGACGTCAGCTGCCAGATCCCATGGCCGACATACTGTGACGTCTTTCAGACACCCCATTGACGTCAATGGGAGAACGGTACCTGAGCTCGCTAGCCTCGAGGATATCAAGATCTGGCCTCGGCGGCCAAGCTTAGACACTAGAGGGTATATAATGGAAGCTCGACT,64,scanmut_single_pos_39_A,77.41676881410643,-0.6438561897747247,-0.2552213854713894
scanmut_single_pos_39_C,CCTAACTGGCCGCTTCACTGGCACCAGACAGTGACGTCAGCTGCCAGATCCCATGGCCGCCATACTGTGACGTCTTTCAGACACCCCATTGACGTCAATGGGAGAACGGTACCTGAGCTCGCTAGCCTCGAGGATATCAAGATCTGGCCTCGGCGGCCAAGCTTAGACACTAGAGGGTATATAATGGAAGCTCGACT,62,scanmut_single_pos_39_C,73.5124134123008,-0.6896598793878495,-0.32987959372038606
scanmut_single_pos_39_G,CCTAACTGGCCGCTTCACTGGCACCAGACAGTGACGTCAGCTGCCAGATCCCATGGCCGGCATACTGTGACGTCTTTCAGACACCCCATTGACGTCAATGGGAGAACGGTACCTGAGCTCGCTAGCCTCGAGGATATCAAGATCTGGCCTCGGCGGCCAAGCTTAGACACTAGAGGGTATATAATGGAAGCTCGACT,63,scanmut_single_pos_39_G,67.23055154118278,-0.6665762662748083,-0.458750494712351
scanmut_single_pos_40_A,CCTAACTGGCCGCTTCACTGGCACCAGACAGTGACGTCAGCTGCCAGATCCCATGGCCGTAATACTGTGACGTCTTTCAGACACCCCATTGACGTCAATGGGAGAACGGTACCTGAGCTCGCTAGCCTCGAGGATATCAAGATCTGGCCTCGGCGGCCAAGCTTAGACACTAGAGGGTATATAATGGAAGCTCGACT,75,scanmut_single_pos_40_A,77.67885246081985,-0.4150374992788438,-0.25034559163275605
scanmut_single_pos_40_G,CCTAACTGGCCGCTTCACTGGCACCAGACAGTGACGTCAGCTGCCAGATCCCATGGCCGTGATACTGTGACGTCTTTCAGACACCCCATTGACGTCAATGGGAGAACGGTACCTGAGCTCGCTAGCCTCGAGGATATCAAGATCTGGCCTCGGCGGCCAAGCTTAGACACTAGAGGGTATATAATGGAAGCTCGACT,59,scanmut_single_pos_40_G,73.87226359177315,-0.7612131404128835,-0.32283469446016083
scanmut_single_pos_40_T,CCTAACTGGCCGCTTCACTGGCACCAGACAGTGACGTCAGCTGCCAGATCCCATGGCCGTTATACTGTGACGTCTTTCAGACACCCCATTGACGTCAATGGGAGAACGGTACCTGAGCTCGCTAGCCTCGAGGATATCAAGATCTGGCCTCGGCGGCCAAGCTTAGACACTAGAGGGTATATAATGGAAGCTCGACT,59,scanmut_single_pos_40_T,65.37769687519935,-0.7612131404128835,-0.4990689250535801
scanmut_single_pos_41_C,CCTAACTGGCCGCTTCACTGGCACCAGACAGTGACGTCAGCTGCCAGATCCCATGGCCGTCCTACTGTGACGTCTTTCAGACACCCCATTGACGTCAATGGGAGAACGGTACCTGAGCTCGCTAGCCTCGAGGATATCAAGATCTGGCCTCGGCGGCCAAGCTTAGACACTAGAGGGTATATAATGGAAGCTCGACT,73,scanmut_single_pos_41_C,73.81312959260748,-0.4540316308947075,-0.32399001971019326
scanmut_single_pos_41_G,CCTAACTGGCCGCTTCACTGGCACCAGACAGTGACGTCAGCTGCCAGATCCCATGGCCGTCGTACTGTGACGTCTTTCAGACACCCCATTGACGTCAATGGGAGAACGGTACCTGAGCTCGCTAGCCTCGAGGATATCAAGATCTGGCCTCGGCGGCCAAGCTTAGACACTAGAGGGTATATAATGGAAGCTCGACT,65,scanmut_single_pos_41_G,80.84392165493531,-0.6214883767462701,-0.19272817275077608
scanmut_single_pos_41_T,CCTAACTGGCCGCTTCACTGGCACCAGACAGTGACGTCAGCTGCCAGATCCCATGGCCGTCTTACTGTGACGTCTTTCAGACACCCCATTGACGTCAATGGGAGAACGGTACCTGAGCTCGCTAGCCTCGAGGATATCAAGATCTGGCCTCGGCGGCCAAGCTTAGACACTAGAGGGTATATAATGGAAGCTCGACT,66,scanmut_single_pos_41_T,73.6322924859453,-0.5994620704162712,-0.3275288603757937
scanmut_single_pos_42_A,CCTAACTGGCCGCTTCACTGGCACCAGACAGTGACGTCAGCTGCCAGATCCCATGGCCGTCAAACTGTGACGTCTTTCAGACACCCCATTGACGTCAATGGGAGAACGGTACCTGAGCTCGCTAGCCTCGAGGATATCAAGATCTGGCCTCGGCGGCCAAGCTTAGACACTAGAGGGTATATAATGGAAGCTCGACT,66,scanmut_single_pos_42_A,77.85583613315333,-0.5994620704162712,-0.24706229092464557
scanmut_single_pos_42_C,CCTAACTGGCCGCTTCACTGGCACCAGACAGTGACGTCAGCTGCCAGATCCCATGGCCGTCACACTGTGACGTCTTTCAGACACCCCATTGACGTCAATGGGAGAACGGTACCTGAGCTCGCTAGCCTCGAGGATATCAAGATCTGGCCTCGGCGGCCAAGCTTAGACACTAGAGGGTATATAATGGAAGCTCGACT,96,scanmut_single_pos_42_C,91.1409157633258,-0.058893689053568565,-0.019768613300859418
scanmut_single_pos_42_G,CCTAACTGGCCGCTTCACTGGCACCAGACAGTGACGTCAGCTGCCAGATCCCATGGCCGTCAGACTGTGACGTCTTTCAGACACCCCATTGACGTCAATGGGAGAACGGTACCTGAGCTCGCTAGCCTCGAGGATATCAAGATCTGGCCTCGGCGGCCAAGCTTAGACACTAGAGGGTATATAATGGAAGCTCGACT,95,scanmut_single_pos_42_G,77.13332106296865,-0.07400058144377693,-0.2605132507008168
scanmut_single_pos_43_C,CCTAACTGGCCGCTTCACTGGCACCAGACAGTGACGTCAGCTGCCAGATCCCATGGCCGTCATCCTGTGACGTCTTTCAGACACCCCATTGACGTCAATGGGAGAACGGTACCTGAGCTCGCTAGCCTCGAGGATATCAAGATCTGGCCTCGGCGGCCAAGCTTAGACACTAGAGGGTATATAATGGAAGCTCGACT,108,scanmut_single_pos_43_C,93.44888063410508,0.11103131238874395,0.016309903120669593
scanmut_single_pos_43_G,CCTAACTGGCCGCTTCACTGGCACCAGACAGTGACGTCAGCTGCCAGATCCCATGGCCGTCATGCTGTGACGTCTTTCAGACACCCCATTGACGTCAATGGGAGAACGGTACCTGAGCTCGCTAGCCTCGAGGATATCAAGATCTGGCCTCGGCGGCCAAGCTTAGACACTAGAGGGTATATAATGGAAGCTCGACT,102,scanmut_single_pos_43_G,95.20697060706536,0.02856915219677092,0.043199724944088795
scanmut_single_pos_43_T,CCTAACTGGCCGCTTCACTGGCACCAGACAGTGACGTCAGCTGCCAGATCCCATGGCCGTCATTCTGTGACGTCTTTCAGACACCCCATTGACGTCAATGGGAGAACGGTACCTGAGCTCGCTAGCCTCGAGGATATCAAGATCTGGCCTCGGCGGCCAAGCTTAGACACTAGAGGGTATATAATGGAAGCTCGACT,102,scanmut_single_pos_43_T,88.79808120538756,0.02856915219677092,-0.05733897739289986
scanmut_single_pos_44_A,CCTAACTGGCCGCTTCACTGGCACCAGACAGTGACGTCAGCTGCCAGATCCCATGGCCGTCATAATGTGACGTCTTTCAGACACCCCATTGACGTCAATGGGAGAACGGTACCTGAGCTCGCTAGCCTCGAGGATATCAAGATCTGGCCTCGGCGGCCAAGCTTAGACACTAGAGGGTATATAATGGAAGCTCGACT,100,scanmut_single_pos_44_A,102.8056235365413,0.0,0.15397979815513074
scanmut_single_pos_44_G,CCTAACTGGCCGCTTCACTGGCACCAGACAGTGACGTCAGCTGCCAGATCCCATGGCCGTCATAGTGTGACGTCTTTCAGACACCCCATTGACGTCAATGGGAGAACGGTACCTGAGCTCGCTAGCCTCGAGGATATCAAGATCTGGCCTCGGCGGCCAAGCTTAGACACTAGAGGGTATATAATGGAAGCTCGACT,98,scanmut_single_pos_44_G,95.05964601481172,-0.029146345659516508,0.04096554950232176
scanmut_single_pos_44_T,CCTAACTGGCCGCTTCACTGGCACCAGACAGTGACGTCAGCTGCCAGATCCCATGGCCGTCATATTGTGACGTCTTTCAGACACCCCATTGACGTCAATGGGAGAACGGTACCTGAGCTCGCTAGCCTCGAGGATATCAAGATCTGGCCTCGGCGGCCAAGCTTAGACACTAGAGGGTATATAATGGAAGCTCGACT,86,scanmut_single_pos_44_T,95.03611737719125,-0.21759143507262677,0.04060841740867007
scanmut_single_pos_45_A,CCTAACTGGCCGCTTCACTGGCACCAGACAGTGACGTCAGCTGCCAGATCCCATGGCCGTCATACAGTGACGTCTTTCAGACACCCCATTGACGTCAATGGGAGAACGGTACCTGAGCTCGCTAGCCTCGAGGATATCAAGATCTGGCCTCGGCGGCCAAGCTTAGACACTAGAGGGTATATAATGGAAGCTCGACT,114,scanmut_single_pos_45_A,88.67864165676123,0.18903382439001687,-0.059280808047926556
scanmut_single_pos_45_C,CCTAACTGGCCGCTTCACTGGCACCAGACAGTGACGTCAGCTGCCAGATCCCATGGCCGTCATACCGTGACGTCTTTCAGACACCCCATTGACGTCAATGGGAGAACGGTACCTGAGCTCGCTAGCCTCGAGGATATCAAGATCTGGCCTCGGCGGCCAAGCTTAGACACTAGAGGGTATATAATGGAAGCTCGACT,99,scanmut_single_pos_45_C,96.15455068767028,-0.014499569695115089,0.05748765751919934
scanmut_single_pos_45_G,CCTAACTGGCCGCTTCACTGGCACCAGACAGTGACGTCAGCTGCCAGATCCCATGGCCGTCATACGGTGACGTCTTTCAGACACCCCATTGACGTCAATGGGAGAACGGTACCTGAGCTCGCTAGCCTCGAGGATATCAAGATCTGGCCTCGGCGGCCAAGCTTAGACACTAGAGGGTATATAATGGAAGCTCGACT,117,scanmut_single_pos_45_G,88.41614908947447,0.22650852980867975,-0.0635575798358128
scanmut_single_pos_46_A,CCTAACTGGCCGCTTCACTGGCACCAGACAGTGACGTCAGCTGCCAGATCCCATGGCCGTCATACTATGACGTCTTTCAGACACCCCATTGACGTCAATGGGAGAACGGTACCTGAGCTCGCTAGCCTCGAGGATATCAAGATCTGGCCTCGGCGGCCAAGCTTAGACACTAGAGGGTATATAATGGAAGCTCGACT,78,scanmut_single_pos_46_A,92.142656538071,-0.3584539709124763,-0.003998287346688597
scanmut_single_pos_46_C,CCTAACTGGCCGCTTCACTGGCACCAGACAGTGACGTCAGCTGCCAGATCCCATGGCCGTCATACTCTGACGTCTTTCAGACACCCCATTGACGTCAATGGGAGAACGGTACCTGAGCTCGCTAGCCTCGAGGATATCAAGATCTGGCCTCGGCGGCCAAGCTTAGACACTAGAGGGTATATAATGGAAGCTCGACT,120,scanmut_single_pos_46_C,94.4278658901781,0.2630344058337938,0.03134518538377435
scanmut_single_pos_46_T,CCTAACTGGCCGCTTCACTGGCACCAGACAGTGACGTCAGCTGCCAGATCCCATGGCCGTCATACTTTGACGTCTTTCAGACACCCCATTGACGTCAATGGGAGAACGGTACCTGAGCTCGCTAGCCTCGAGGATATCAAGATCTGGCCTCGGCGGCCAAGCTTAGACACTAGAGGGTATATAATGGAAGCTCGACT,97,scanmut_single_pos_46_T,100.4393794452149,-0.043943347587597055,0.12038563527954682
scanmut_single_pos_47_A,CCTAACTGGCCGCTTCACTGGCACCAGACAGTGACGTCAGCTGCCAGATCCCATGGCCGTCATACTGAGACGTCTTTCAGACACCCCATTGACGTCAATGGGAGAACGGTACCTGAGCTCGCTAGCCTCGAGGATATCAAGATCTGGCCTCGGCGGCCAAGCTTAGACACTAGAGGGTATATAATGGAAGCTCGACT,75,scanmut_single_pos_47_A,62.00005772949159,-0.4150374992788438,-0.5755979209862979
scanmut_single_pos_47_C,CCTAACTGGCCGCTTCACTGGCACCAGACAGTGACGTCAGCTGCCAGATCCCATGGCCGTCATACTGCGACGTCTTTCAGACACCCCATTGACGTCAATGGGAGAACGGTACCTGAGCTCGCTAGCCTCGAGGATATCAAGATCTGGCCTCGGCGGCCAAGCTTAGACACTAGAGGGTATATAATGGAAGCTCGACT,69,scanmut_single_pos_47_C,78.74923092872375,-0.5353317329965558,-0.23060164571482475
scanmut_single_pos_47_G,CCTAACTGGCCGCTTCACTGGCACCAGACAGTGACGTCAGCTGCCAGATCCCATGGCCGTCATACTGGGACGTCTTTCAGACACCCCATTGACGTCAATGGGAGAACGGTACCTGAGCTCGCTAGCCTCGAGGATATCAAGATCTGGCCTCGGCGGCCAAGCTTAGACACTAGAGGGTATATAATGGAAGCTCGACT,65,scanmut_single_pos_47_G,65.9666438684431,-0.6214883767462701,-0.4861307718555932
scanmut_single_pos_48_A,CCTAACTGGCCGCTTCACTGGCACCAGACAGTGACGTCAGCTGCCAGATCCCATGGCCGTCATACTGTAACGTCTTTCAGACACCCCATTGACGTCAATGGGAGAACGGTACCTGAGCTCGCTAGCCTCGAGGATATCAAGATCTGGCCTCGGCGGCCAAGCTTAGACACTAGAGGGTATATAATGGAAGCTCGACT,60,scanmut_single_pos_48_A,57.33363116876791,-0.7369655941662062,-0.688485826216378
scanmut_single_pos_48_C,CCTAACTGGCCGCTTCACTGGCACCAGACAGTGACGTCAGCTGCCAGATCCCATGGCCGTCATACTGTCACGTCTTTCAGACACCCCATTGACGTCAATGGGAGAACGGTACCTGAGCTCGCTAGCCTCGAGGATATCAAGATCTGGCCTCGGCGGCCAAGCTTAGACACTAGAGGGTATATAATGGAAGCTCGACT,64,scanmut_single_pos_48_C,79.16601953257249,-0.6438561897747247,-0.22298616530571855
scanmut_single_pos_48_T,CCTAACTGGCCGCTTCACTGGCACCAGACAGTGACGTCAGCTGCCAGATCCCATGGCCGTCATACTGTTACGTCTTTCAGACACCCCATTGACGTCAATGGGAGAACGGTACCTGAGCTCGCTAGCCTCGAGGATATCAAGATCTGGCCTCGGCGGCCAAGCTTAGACACTAGAGGGTATATAATGGAAGCTCGACT,79,scanmut_single_pos_48_T,90.69616527607305,-0.3400754415976217,-0.026825926344180538
scanmut_single_pos_49_C,CCTAACTGGCCGCTTCACTGGCACCAGACAGTGACGTCAGCTGCCAGATCCCATGGCCGTCATACTGTGCCGTCTTTCAGACACCCCATTGACGTCAATGGGAGAACGGTACCTGAGCTCGCTAGCCTCGAGGATATCAAGATCTGGCCTCGGCGGCCAAGCTTAGACACTAGAGGGTATATAATGGAAGCTCGACT,49,scanmut_single_pos_49_C,59.20619071601123,-1.0291463456595165,-0.6421194450297945
scanmut_single_pos_49_G,CCTAACTGGCCGCTTCACTGGCACCAGACAGTGACGTCAGCTGCCAGATCCCATGGCCGTCATACTGTGGCGTCTTTCAGACACCCCATTGACGTCAATGGGAGAACGGTACCTGAGCTCGCTAGCCTCGAGGATATCAAGATCTGGCCTCGGCGGCCAAGCTTAGACACTAGAGGGTATATAATGGAAGCTCGACT,79,scanmut_single_pos_49_G,69.82198857879612,-0.3400754415976217,-0.4041860333746305
scanmut_single_pos_49_T,CCTAACTGGCCGCTTCACTGGCACCAGACAGTGACGTCAGCTGCCAGATCCCATGGCCGTCATACTGTGTCGTCTTTCAGACACCCCATTGACGTCAATGGGAGAACGGTACCTGAGCTCGCTAGCCTCGAGGATATCAAGATCTGGCCTCGGCGGCCAAGCTTAGACACTAGAGGGTATATAATGGAAGCTCGACT,62,scanmut_single_pos_49_T,66.8561840899969,-0.6896598793878495,-0.46680646633612505
scanmut_single_pos_50_A,CCTAACTGGCCGCTTCACTGGCACCAGACAGTGACGTCAGCTGCCAGATCCCATGGCCGTCATACTGTGAAGTCTTTCAGACACCCCATTGACGTCAATGGGAGAACGGTACCTGAGCTCGCTAGCCTCGAGGATATCAAGATCTGGCCTCGGCGGCCAAGCTTAGACACTAGAGGGTATATAATGGAAGCTCGACT,49,scanmut_single_pos_50_A,57.95012736471053,-1.0291463456595165,-0.6730556477703855
scanmut_single_pos_50_G,CCTAACTGGCCGCTTCACTGGCACCAGACAGTGACGTCAGCTGCCAGATCCCATGGCCGTCATACTGTGAGGTCTTTCAGACACCCCATTGACGTCAATGGGAGAACGGTACCTGAGCTCGCTAGCCTCGAGGATATCAAGATCTGGCCTCGGCGGCCAAGCTTAGACACTAGAGGGTATATAATGGAAGCTCGACT,58,scanmut_single_pos_50_G,54.88868708698931,-0.7858751946471527,-0.7513586487078702
scanmut_single_pos_50_T,CCTAACTGGCCGCTTCACTGGCACCAGACAGTGACGTCAGCTGCCAGATCCCATGGCCGTCATACTGTGATGTCTTTCAGACACCCCATTGACGTCAATGGGAGAACGGTACCTGAGCTCGCTAGCCTCGAGGATATCAAGATCTGGCCTCGGCGGCCAAGCTTAGACACTAGAGGGTATATAATGGAAGCTCGACT,63,scanmut_single_pos_50_T,69.29541411898859,-0.6665762662748083,-0.41510759998157987
scanmut_single_pos_51_A,CCTAACTGGCCGCTTCACTGGCACCAGACAGTGACGTCAGCTGCCAGATCCCATGGCCGTCATACTGTGACATCTTTCAGACACCCCATTGACGTCAATGGGAGAACGGTACCTGAGCTCGCTAGCCTCGAGGATATCAAGATCTGGCCTCGGCGGCCAAGCTTAGACACTAGAGGGTATATAATGGAAGCTCGACT,65,scanmut_single_pos_51_A,70.93405835239554,-0.6214883767462701,-0.3813889889001811
scanmut_single_pos_51_C,CCTAACTGGCCGCTTCACTGGCACCAGACAGTGACGTCAGCTGCCAGATCCCATGGCCGTCATACTGTGACCTCTTTCAGACACCCCATTGACGTCAATGGGAGAACGGTACCTGAGCTCGCTAGCCTCGAGGATATCAAGATCTGGCCTCGGCGGCCAAGCTTAGACACTAGAGGGTATATAATGGAAGCTCGACT,64,scanmut_single_pos_51_C,58.7172487345209,-0.6438561897747247,-0.6540831092101138
scanmut_single_pos_51_T,CCTAACTGGCCGCTTCACTGGCACCAGACAGTGACGTCAGCTGCCAGATCCCATGGCCGTCATACTGTGACTTCTTTCAGACACCCCATTGACGTCAATGGGAGAACGGTACCTGAGCTCGCTAGCCTCGAGGATATCAAGATCTGGCCTCGGCGGCCAAGCTTAGACACTAGAGGGTATATAATGGAAGCTCGACT,50,scanmut_single_pos_51_T,60.94122841160751,-1.0,-0.6004488986310502
scanmut_single_pos_52_A,CCTAACTGGCCGCTTCACTGGCACCAGACAGTGACGTCAGCTGCCAGATCCCATGGCCGTCATACTGTGACGACTTTCAGACACCCCATTGACGTCAATGGGAGAACGGTACCTGAGCTCGCTAGCCTCGAGGATATCAAGATCTGGCCTCGGCGGCCAAGCTTAGACACTAGAGGGTATATAATGGAAGCTCGACT,84,scanmut_single_pos_52_A,76.16604048635466,-0.25153876699596445,-0.27871958107165795
scanmut_single_pos_52_C,CCTAACTGGCCGCTTCACTGGCACCAGACAGTGACGTCAGCTGCCAGATCCCATGGCCGTCATACTGTGACGCCTTTCAGACACCCCATTGACGTCAATGGGAGAACGGTACCTGAGCTCGCTAGCCTCGAGGATATCAAGATCTGGCCTCGGCGGCCAAGCTTAGACACTAGAGGGTATATAATGGAAGCTCGACT,101,scanmut_single_pos_52_C,79.83045839654193,0.014355292977070054,-0.21092818456697385
scanmut_single_pos_52_G,CCTAACTGGCCGCTTCACTGGCACCAGACAGTGACGTCAGCTGCCAGATCCCATGGCCGTCATACTGTGACGGCTTTCAGACACCCCATTGACGTCAATGGGAGAACGGTACCTGAGCTCGCTAGCCTCGAGGATATCAAGATCTGGCCTCGGCGGCCAAGCTTAGACACTAGAGGGTATATAATGGAAGCTCGACT,82,scanmut_single_pos_52_G,68.05467561363518,-0.2863041851566411,-0.441173196067873
scanmut_single_pos_53_A,CCTAACTGGCCGCTTCACTGGCACCAGACAGTGACGTCAGCTGCCAGATCCCATGGCCGTCATACTGTGACGTATTTCAGACACCCCATTGACGTCAATGGGAGAACGGTACCTGAGCTCGCTAGCCTCGAGGATATCAAGATCTGGCCTCGGCGGCCAAGCTTAGACACTAGAGGGTATATAATGGAAGCTCGACT,92,scanmut_single_pos_53_A,108.0830567278902,-0.12029423371771177,0.22620099670371674
scanmut_single_pos_53_G,CCTAACTGGCCGCTTCACTGGCACCAGACAGTGACGTCAGCTGCCAGATCCCATGGCCGTCATACTGTGACGTGTTTCAGACACCCCATTGACGTCAATGGGAGAACGGTACCTGAGCTCGCTAGCCTCGAGGATATCAAGATCTGGCCTCGGCGGCCAAGCTTAGACACTAGAGGGTATATAATGGAAGCTCGACT,93,scanmut_single_pos_53_G,102.6401274834169,-0.10469737866669324,0.15165548250890123
scanmut_single_pos_53_T,CCTAACTGGCCGCTTCACTGGCACCAGACAGTGACGTCAGCTGCCAGATCCCATGGCCGTCATACTGTGACGTTTTTCAGACACCCCATTGACGTCAATGGGAGAACGGTACCTGAGCTCGCTAGCCTCGAGGATATCAAGATCTGGCCTCGGCGGCCAAGCTTAGACACTAGAGGGTATATAATGGAAGCTCGACT,77,scanmut_single_pos_53_T,94.17196655493916,-0.3770696490798233,0.02743017736189799
scanmut_single_pos_54_A,CCTAACTGGCCGCTTCACTGGCACCAGACAGTGACGTCAGCTGCCAGATCCCATGGCCGTCATACTGTGACGTCATTCAGACACCCCATTGACGTCAATGGGAGAACGGTACCTGAGCTCGCTAGCCTCGAGGATATCAAGATCTGGCCTCGGCGGCCAAGCTTAGACACTAGAGGGTATATAATGGAAGCTCGACT,54,scanmut_single_pos_54_A,64.06218190237502,-0.888968687611256,-0.52839454391689
scanmut_single_pos_54_C,CCTAACTGGCCGCTTCACTGGCACCAGACAGTGACGTCAGCTGCCAGATCCCATGGCCGTCATACTGTGACGTCCTTCAGACACCCCATTGACGTCAATGGGAGAACGGTACCTGAGCTCGCTAGCCTCGAGGATATCAAGATCTGGCCTCGGCGGCCAAGCTTAGACACTAGAGGGTATATAATGGAAGCTCGACT,78,scanmut_single_pos_54_C,91.36963129363323,-0.3584539709124763,-0.016152746279490697
scanmut_single_pos_54_G,CCTAACTGGCCGCTTCACTGGCACCAGACAGTGACGTCAGCTGCCAGATCCCATGGCCGTCATACTGTGACGTCGTTCAGACACCCCATTGACGTCAATGGGAGAACGGTACCTGAGCTCGCTAGCCTCGAGGATATCAAGATCTGGCCTCGGCGGCCAAGCTTAGACACTAGAGGGTATATAATGGAAGCTCGACT,67,scanmut_single_pos_54_G,97.28400323903377,-0.5777669993169522,0.07433511712946306
scanmut_single_pos_55_A,CCTAACTGGCCGCTTCACTGGCACCAGACAGTGACGTCAGCTGCCAGATCCCATGGCCGTCATACTGTGACGTCTATCAGACACCCCATTGACGTCAATGGGAGAACGGTACCTGAGCTCGCTAGCCTCGAGGATATCAAGATCTGGCCTCGGCGGCCAAGCTTAGACACTAGAGGGTATATAATGGAAGCTCGACT,104,scanmut_single_pos_55_A,113.2520434115998,0.056583528366367514,0.2935976961951875
scanmut_single_pos_55_C,CCTAACTGGCCGCTTCACTGGCACCAGACAGTGACGTCAGCTGCCAGATCCCATGGCCGTCATACTGTGACGTCTCTCAGACACCCCATTGACGTCAATGGGAGAACGGTACCTGAGCTCGCTAGCCTCGAGGATATCAAGATCTGGCCTCGGCGGCCAAGCTTAGACACTAGAGGGTATATAATGGAAGCTCGACT,89,scanmut_single_pos_55_C,97.00171823796838,-0.16812275880832692,0.07014282286685333
scanmut_single_pos_55_G,CCTAACTGGCCGCTTCACTGGCACCAGACAGTGACGTCAGCTGCCAGATCCCATGGCCGTCATACTGTGACGTCTGTCAGACACCCCATTGACGTCAATGGGAGAACGGTACCTGAGCTCGCTAGCCTCGAGGATATCAAGATCTGGCCTCGGCGGCCAAGCTTAGACACTAGAGGGTATATAATGGAAGCTCGACT,126,scanmut_single_pos_55_G,117.6381531011392,0.3334237337251918,0.3484166545290709
scanmut_single_pos_56_A,CCTAACTGGCCGCTTCACTGGCACCAGACAGTGACGTCAGCTGCCAGATCCCATGGCCGTCATACTGTGACGTCTTACAGACACCCCATTGACGTCAATGGGAGAACGGTACCTGAGCTCGCTAGCCTCGAGGATATCAAGATCTGGCCTCGGCGGCCAAGCTTAGACACTAGAGGGTATATAATGGAAGCTCGACT,78,scanmut_single_pos_56_A,92.39888199868592,-0.3584539709124763,7.915721165458727e-06
scanmut_single_pos_56_C,CCTAACTGGCCGCTTCACTGGCACCAGACAGTGACGTCAGCTGCCAGATCCCATGGCCGTCATACTGTGACGTCTTCCAGACACCCCATTGACGTCAATGGGAGAACGGTACCTGAGCTCGCTAGCCTCGAGGATATCAAGATCTGGCCTCGGCGGCCAAGCTTAGACACTAGAGGGTATATAATGGAAGCTCGACT,80,scanmut_single_pos_56_C,87.86738115019712,-0.3219280948873623,-0.07253978413949451
scanmut_single_pos_56_G,CCTAACTGGCCGCTTCACTGGCACCAGACAGTGACGTCAGCTGCCAGATCCCATGGCCGTCATACTGTGACGTCTTGCAGACACCCCATTGACGTCAATGGGAGAACGGTACCTGAGCTCGCTAGCCTCGAGGATATCAAGATCTGGCCTCGGCGGCCAAGCTTAGACACTAGAGGGTATATAATGGAAGCTCGACT,79,scanmut_single_pos_56_G,96.50011956104328,-0.3400754415976217,0.06266325003344544
scanmut_single_pos_57_A,CCTAACTGGCCGCTTCACTGGCACCAGACAGTGACGTCAGCTGCCAGATCCCATGGCCGTCATACTGTGACGTCTTTAAGACACCCCATTGACGTCAATGGGAGAACGGTACCTGAGCTCGCTAGCCTCGAGGATATCAAGATCTGGCCTCGGCGGCCAAGCTTAGACACTAGAGGGTATATAATGGAAGCTCGACT,98,scanmut_single_pos_57_A,98.14720952444542,-0.029146345659516508,0.0870797704353382
scanmut_single_pos_57_G,CCTAACTGGCCGCTTCACTGGCACCAGACAGTGACGTCAGCTGCCAGATCCCATGGCCGTCATACTGTGACGTCTTTGAGACACCCCATTGACGTCAATGGGAGAACGGTACCTGAGCTCGCTAGCCTCGAGGATATCAAGATCTGGCCTCGGCGGCCAAGCTTAGACACTAGAGGGTATATAATGGAAGCTCGACT,108,scanmut_single_pos_57_G,93.64460150368971,0.11103131238874395,0.01932834745902169
scanmut_single_pos_57_T,CCTAACTGGCCGCTTCACTGGCACCAGACAGTGACGTCAGCTGCCAGATCCCATGGCCGTCATACTGTGACGTCTTTTAGACACCCCATTGACGTCAATGGGAGAACGGTACCTGAGCTCGCTAGCCTCGAGGATATCAAGATCTGGCCTCGGCGGCCAAGCTTAGACACTAGAGGGTATATAATGGAAGCTCGACT,102,scanmut_single_pos_57_T,93.1665959436082,0.02856915219677092,0.011945302272113684
scanmut_single_pos_58_C,CCTAACTGGCCGCTTCACTGGCACCAGACAGTGACGTCAGCTGCCAGATCCCATGGCCGTCATACTGTGACGTCTTTCCGACACCCCATTGACGTCAATGGGAGAACGGTACCTGAGCTCGCTAGCCTCGAGGATATCAAGATCTGGCCTCGGCGGCCAAGCTTAGACACTAGAGGGTATATAATGGAAGCTCGACT,90,scanmut_single_pos_58_C,101.868043502948,-0.15200309344504995,0.14076215715651874
scanmut_single_pos_58_G,CCTAACTGGCCGCTTCACTGGCACCAGACAGTGACGTCAGCTGCCAGATCCCATGGCCGTCATACTGTGACGTCTTTCGGACACCCCATTGACGTCAATGGGAGAACGGTACCTGAGCTCGCTAGCCTCGAGGATATCAAGATCTGGCCTCGGCGGCCAAGCTTAGACACTAGAGGGTATATAATGGAAGCTCGACT,90,scanmut_single_pos_58_G,93.4196863260424,-0.15200309344504995,0.0158591212209414
scanmut_single_pos_58_T,CCTAACTGGCCGCTTCACTGGCACCAGACAGTGACGTCAGCTGCCAGATCCCATGGCCGTCATACTGTGACGTCTTTCTGACACCCCATTGACGTCAATGGGAGAACGGTACCTGAGCTCGCTAGCCTCGAGGATATCAAGATCTGGCCTCGGCGGCCAAGCTTAGACACTAGAGGGTATATAATGGAAGCTCGACT,122,scanmut_single_pos_58_T,102.7093699527231,0.28688114778816154,0.15262841667353483
scanmut_single_pos_59_A,CCTAACTGGCCGCTTCACTGGCACCAGACAGTGACGTCAGCTGCCAGATCCCATGGCCGTCATACTGTGACGTCTTTCAAACACCCCATTGACGTCAATGGGAGAACGGTACCTGAGCTCGCTAGCCTCGAGGATATCAAGATCTGGCCTCGGCGGCCAAGCTTAGACACTAGAGGGTATATAATGGAAGCTCGACT,105,scanmut_single_pos_59_A,95.28605062527642,0.070389327891398,0.04439754684771815
scanmut_single_pos_59_C,CCTAACTGGCCGCTTCACTGGCACCAGACAGTGACGTCAGCTGCCAGATCCCATGGCCGTCATACTGTGACGTCTTTCACACACCCCATTGACGTCAATGGGAGAACGGTACCTGAGCTCGCTAGCCTCGAGGATATCAAGATCTGGCCTCGGCGGCCAAGCTTAGACACTAGAGGGTATATAATGGAAGCTCGACT,143,scanmut_single_pos_59_C,93.75098214213712,0.5160151470036647,0.020966324545087962
scanmut_single_pos_59_T,CCTAACTGGCCGCTTCACTGGCACCAGACAGTGACGTCAGCTGCCAGATCCCATGGCCGTCATACTGTGACGTCTTTCATACACCCCATTGACGTCAATGGGAGAACGGTACCTGAGCTCGCTAGCCTCGAGGATATCAAGATCTGGCCTCGGCGGCCAAGCTTAGACACTAGAGGGTATATAATGGAAGCTCGACT,108,scanmut_single_pos_59_T,99.67544506640078,0.11103131238874395,0.1093706622866573
scanmut_single_pos_60_C,CCTAACTGGCCGCTTCACTGGCACCAGACAGTGACGTCAGCTGCCAGATCCCATGGCCGTCATACTGTGACGTCTTTCAGCCACCCCATTGACGTCAATGGGAGAACGGTACCTGAGCTCGCTAGCCTCGAGGATATCAAGATCTGGCCTCGGCGGCCAAGCTTAGACACTAGAGGGTATATAATGGAAGCTCGACT,122,scanmut_single_pos_60_C,102.4114859830961,0.28688114778816154,0.14843814527575006
scanmut_single_pos_60_G,CCTAACTGGCCGCTTCACTGGCACCAGACAGTGACGTCAGCTGCCAGATCCCATGGCCGTCATACTGTGACGTCTTTCAGGCACCCCATTGACGTCAATGGGAGAACGGTACCTGAGCTCGCTAGCCTCGAGGATATCAAGATCTGGCCTCGGCGGCCAAGCTTAGACACTAGAGGGTATATAATGGAAGCTCGACT,87,scanmut_single_pos_60_G,91.11236953820396,-0.2009126939259964,-0.020220550259779146
scanmut_single_pos_60_T,CCTAACTGGCCGCTTCACTGGCACCAGACAGTGACGTCAGCTGCCAGATCCCATGGCCGTCATACTGTGACGTCTTTCAGTCACCCCATTGACGTCAATGGGAGAACGGTACCTGAGCTCGCTAGCCTCGAGGATATCAAGATCTGGCCTCGGCGGCCAAGCTTAGACACTAGAGGGTATATAATGGAAGCTCGACT,109,scanmut_single_pos_60_T,101.4704098062021,0.12432813500220177,0.13511969372377455
scanmut_single_pos_61_A,CCTAACTGGCCGCTTCACTGGCACCAGACAGTGACGTCAGCTGCCAGATCCCATGGCCGTCATACTGTGACGTCTTTCAGAAACCCCATTGACGTCAATGGGAGAACGGTACCTGAGCTCGCTAGCCTCGAGGATATCAAGATCTGGCCTCGGCGGCCAAGCTTAGACACTAGAGGGTATATAATGGAAGCTCGACT,102,scanmut_single_pos_61_A,86.74180920069068,0.02856915219677092,-0.09113994555795518
scanmut_single_pos_61_G,CCTAACTGGCCGCTTCACTGGCACCAGACAGTGACGTCAGCTGCCAGATCCCATGGCCGTCATACTGTGACGTCTTTCAGAGACCCCATTGACGTCAATGGGAGAACGGTACCTGAGCTCGCTAGCCTCGAGGATATCAAGATCTGGCCTCGGCGGCCAAGCTTAGACACTAGAGGGTATATAATGGAAGCTCGACT,106,scanmut_single_pos_61_G,89.88244888164252,0.08406426478847455,-0.03982804797799817
scanmut_single_pos_61_T,CCTAACTGGCCGCTTCACTGGCACCAGACAGTGACGTCAGCTGCCAGATCCCATGGCCGTCATACTGTGACGTCTTTCAGATACCCCATTGACGTCAATGGGAGAACGGTACCTGAGCTCGCTAGCCTCGAGGATATCAAGATCTGGCCTCGGCGGCCAAGCTTAGACACTAGAGGGTATATAATGGAAGCTCGACT,100,scanmut_single_pos_61_T,87.49436957442653,0.0,-0.07867729998833449
scanmut_single_pos_62_C,CCTAACTGGCCGCTTCACTGGCACCAGACAGTGACGTCAGCTGCCAGATCCCATGGCCGTCATACTGTGACGTCTTTCAGACCCCCCATTGACGTCAATGGGAGAACGGTACCTGAGCTCGCTAGCCTCGAGGATATCAAGATCTGGCCTCGGCGGCCAAGCTTAGACACTAGAGGGTATATAATGGAAGCTCGACT,109,scanmut_single_pos_62_C,110.8732630720033,0.12432813500220177,0.26297211868483533
scanmut_single_pos_62_G,CCTAACTGGCCGCTTCACTGGCACCAGACAGTGACGTCAGCTGCCAGATCCCATGGCCGTCATACTGTGACGTCTTTCAGACGCCCCATTGACGTCAATGGGAGAACGGTACCTGAGCTCGCTAGCCTCGAGGATATCAAGATCTGGCCTCGGCGGCCAAGCTTAGACACTAGAGGGTATATAATGGAAGCTCGACT,139,scanmut_single_pos_62_G,116.0148093673805,0.47508488294878265,0.3283695931658133
scanmut_single_pos_62_T,CCTAACTGGCCGCTTCACTGGCACCAGACAGTGACGTCAGCTGCCAGATCCCATGGCCGTCATACTGTGACGTCTTTCAGACTCCCCATTGACGTCAATGGGAGAACGGTACCTGAGCTCGCTAGCCTCGAGGATATCAAGATCTGGCCTCGGCGGCCAAGCTTAGACACTAGAGGGTATATAATGGAAGCTCGACT,106,scanmut_single_pos_62_T,104.0067707662657,0.08406426478847455,0.17073806491588572
scanmut_single_pos_63_A,CCTAACTGGCCGCTTCACTGGCACCAGACAGTGACGTCAGCTGCCAGATCCCATGGCCGTCATACTGTGACGTCTTTCAGACAACCCATTGACGTCAATGGGAGAACGGTACCTGAGCTCGCTAGCCTCGAGGATATCAAGATCTGGCCTCGGCGGCCAAGCTTAGACACTAGAGGGTATATAATGGAAGCTCGACT,122,scanmut_single_pos_63_A,86.04193723719338,0.28688114778816154,-0.1028274723531893
scanmut_single_pos_63_G,CCTAACTGGCCGCTTCACTGGCACCAGACAGTGACGTCAGCTGCCAGATCCCATGGCCGTCATACTGTGACGTCTTTCAGACAGCCCATTGACGTCAATGGGAGAACGGTACCTGAGCTCGCTAGCCTCGAGGATATCAAGATCTGGCCTCGGCGGCCAAGCTTAGACACTAGAGGGTATATAATGGAAGCTCGACT,136,scanmut_single_pos_63_G,84.10879169054819,0.44360665147561484,-0.1356108699889109
scanmut_single_pos_63_T,CCTAACTGGCCGCTTCACTGGCACCAGACAGTGACGTCAGCTGCCAGATCCCATGGCCGTCATACTGTGACGTCTTTCAGACATCCCATTGACGTCAATGGGAGAACGGTACCTGAGCTCGCTAGCCTCGAGGATATCAAGATCTGGCCTCGGCGGCCAAGCTTAGACACTAGAGGGTATATAATGGAAGCTCGACT,134,scanmut_single_pos_63_T,113.0764626649834,0.4222330006830478,0.29135927269629386
scanmut_single_pos_64_A,CCTAACTGGCCGCTTCACTGGCACCAGACAGTGACGTCAGCTGCCAGATCCCATGGCCGTCATACTGTGACGTCTTTCAGACACACCATTGACGTCAATGGGAGAACGGTACCTGAGCTCGCTAGCCTCGAGGATATCAAGATCTGGCCTCGGCGGCCAAGCTTAGACACTAGAGGGTATATAATGGAAGCTCGACT,124,scanmut_single_pos_64_A,117.3259106922438,0.3103401206121505,0.34458227379214207
scanmut_single_pos_64_G,CCTAACTGGCCGCTTCACTGGCACCAGACAGTGACGTCAGCTGCCAGATCCCATGGCCGTCATACTGTGACGTCTTTCAGACACGCCATTGACGTCAATGGGAGAACGGTACCTGAGCTCGCTAGCCTCGAGGATATCAAGATCTGGCCTCGGCGGCCAAGCTTAGACACTAGAGGGTATATAATGGAAGCTCGACT,141,scanmut_single_pos_64_G,131.0880670035814,0.49569516262406876,0.5045969775392232
scanmut_single_pos_64_T,CCTAACTGGCCGCTTCACTGGCACCAGACAGTGACGTCAGCTGCCAGATCCCATGGCCGTCATACTGTGACGTCTTTCAGACACTCCATTGACGTCAATGGGAGAACGGTACCTGAGCTCGCTAGCCTCGAGGATATCAAGATCTGGCCTCGGCGGCCAAGCTTAGACACTAGAGGGTATATAATGGAAGCTCGACT,131,scanmut_single_pos_64_T,106.3775497777451,0.3895668117627256,0.2032543275551973
scanmut_single_pos_65_A,CCTAACTGGCCGCTTCACTGGCACCAGACAGTGACGTCAGCTGCCAGATCCCATGGCCGTCATACTGTGACGTCTTTCAGACACCACATTGACGTCAATGGGAGAACGGTACCTGAGCTCGCTAGCCTCGAGGATATCAAGATCTGGCCTCGGCGGCCAAGCTTAGACACTAGAGGGTATATAATGGAAGCTCGACT,108,scanmut_single_pos_65_A,118.2391029684044,0.11103131238874395,0.35576784458122623
scanmut_single_pos_65_G,CCTAACTGGCCGCTTCACTGGCACCAGACAGTGACGTCAGCTGCCAGATCCCATGGCCGTCATACTGTGACGTCTTTCAGACACCGCATTGACGTCAATGGGAGAACGGTACCTGAGCTCGCTAGCCTCGAGGATATCAAGATCTGGCCTCGGCGGCCAAGCTTAGACACTAGAGGGTATATAATGGAAGCTCGACT,118,scanmut_single_pos_65_G,107.6291692530841,0.23878685958711648,0.22012973975543754
scanmut_single_pos_65_T,CCTAACTGGCCGCTTCACTGGCACCAGACAGTGACGTCAGCTGCCAGATCCCATGGCCGTCATACTGTGACGTCTTTCAGACACCTCATTGACGTCAATGGGAGAACGGTACCTGAGCTCGCTAGCCTCGAGGATATCAAGATCTGGCCTCGGCGGCCAAGCTTAGACACTAGAGGGTATATAATGGAAGCTCGACT,104,scanmut_single_pos_65_T,112.9732093060052,0.056583528366367514,0.2900413046761319
scanmut_single_pos_66_A,CCTAACTGGCCGCTTCACTGGCACCAGACAGTGACGTCAGCTGCCAGATCCCATGGCCGTCATACTGTGACGTCTTTCAGACACCCAATTGACGTCAATGGGAGAACGGTACCTGAGCTCGCTAGCCTCGAGGATATCAAGATCTGGCCTCGGCGGCCAAGCTTAGACACTAGAGGGTATATAATGGAAGCTCGACT,127,scanmut_single_pos_66_A,105.8637937267186,0.34482849699744117,0.19626987539840918
scanmut_single_pos_66_G,CCTAACTGGCCGCTTCACTGGCACCAGACAGTGACGTCAGCTGCCAGATCCCATGGCCGTCATACTGTGACGTCTTTCAGACACCCGATTGACGTCAATGGGAGAACGGTACCTGAGCTCGCTAGCCTCGAGGATATCAAGATCTGGCCTCGGCGGCCAAGCTTAGACACTAGAGGGTATATAATGGAAGCTCGACT,134,scanmut_single_pos_66_G,104.4129910444073,0.4222330006830478,0.1763618379956557
scanmut_single_pos_66_T,CCTAACTGGCCGCTTCACTGGCACCAGACAGTGACGTCAGCTGCCAGATCCCATGGCCGTCATACTGTGACGTCTTTCAGACACCCTATTGACGTCAATGGGAGAACGGTACCTGAGCTCGCTAGCCTCGAGGATATCAAGATCTGGCCTCGGCGGCCAAGCTTAGACACTAGAGGGTATATAATGGAAGCTCGACT,111,scanmut_single_pos_66_T,105.2730417539284,0.15055967657538138,0.1881966544122093
scanmut_single_pos_67_C,CCTAACTGGCCGCTTCACTGGCACCAGACAGTGACGTCAGCTGCCAGATCCCATGGCCGTCATACTGTGACGTCTTTCAGACACCCCCTTGACGTCAATGGGAGAACGGTACCTGAGCTCGCTAGCCTCGAGGATATCAAGATCTGGCCTCGGCGGCCAAGCTTAGACACTAGAGGGTATATAATGGAAGCTCGACT,70,scanmut_single_pos_67_C,95.54968066909105,-0.5145731728297583,0.04838357185684389
scanmut_single_pos_67_G,CCTAACTGGCCGCTTCACTGGCACCAGACAGTGACGTCAGCTGCCAGATCCCATGGCCGTCATACTGTGACGTCTTTCAGACACCCCGTTGACGTCAATGGGAGAACGGTACCTGAGCTCGCTAGCCTCGAGGATATCAAGATCTGGCCTCGGCGGCCAAGCTTAGACACTAGAGGGTATATAATGGAAGCTCGACT,74,scanmut_single_pos_67_G,88.87057166112058,-0.4344028241457749,-0.0561617114530306
scanmut_single_pos_67_T,CCTAACTGGCCGCTTCACTGGCACCAGACAGTGACGTCAGCTGCCAGATCCCATGGCCGTCATACTGTGACGTCTTTCAGACACCCCTTTGACGTCAATGGGAGAACGGTACCTGAGCTCGCTAGCCTCGAGGATATCAAGATCTGGCCTCGGCGGCCAAGCTTAGACACTAGAGGGTATATAATGGAAGCTCGACT,85,scanmut_single_pos_67_T,92.31794093951156,-0.23446525363702297,-0.0012564333542635928
scanmut_single_pos_68_A,CCTAACTGGCCGCTTCACTGGCACCAGACAGTGACGTCAGCTGCCAGATCCCATGGCCGTCATACTGTGACGTCTTTCAGACACCCCAATGACGTCAATGGGAGAACGGTACCTGAGCTCGCTAGCCTCGAGGATATCAAGATCTGGCCTCGGCGGCCAAGCTTAGACACTAGAGGGTATATAATGGAAGCTCGACT,54,scanmut_single_pos_68_A,74.44682219614687,-0.888968687611256,-0.31165721192407236
scanmut_single_pos_68_C,CCTAACTGGCCGCTTCACTGGCACCAGACAGTGACGTCAGCTGCCAGATCCCATGGCCGTCATACTGTGACGTCTTTCAGACACCCCACTGACGTCAATGGGAGAACGGTACCTGAGCTCGCTAGCCTCGAGGATATCAAGATCTGGCCTCGGCGGCCAAGCTTAGACACTAGAGGGTATATAATGGAAGCTCGACT,81,scanmut_single_pos_68_C,78.20032403310377,-0.3040061868900999,-0.2406928942710626
scanmut_single_pos_68_G,CCTAACTGGCCGCTTCACTGGCACCAGACAGTGACGTCAGCTGCCAGATCCCATGGCCGTCATACTGTGACGTCTTTCAGACACCCCAGTGACGTCAATGGGAGAACGGTACCTGAGCTCGCTAGCCTCGAGGATATCAAGATCTGGCCTCGGCGGCCAAGCTTAGACACTAGAGGGTATATAATGGAAGCTCGACT,54,scanmut_single_pos_68_G,80.78351406983138,-0.888968687611256,-0.19380657540102653
scanmut_single_pos_69_A,CCTAACTGGCCGCTTCACTGGCACCAGACAGTGACGTCAGCTGCCAGATCCCATGGCCGTCATACTGTGACGTCTTTCAGACACCCCATAGACGTCAATGGGAGAACGGTACCTGAGCTCGCTAGCCTCGAGGATATCAAGATCTGGCCTCGGCGGCCAAGCTTAGACACTAGAGGGTATATAATGGAAGCTCGACT,60,scanmut_single_pos_69_A,65.53503691775215,-0.7369655941662062,-0.49560106059388526
scanmut_single_pos_69_C,CCTAACTGGCCGCTTCACTGGCACCAGACAGTGACGTCAGCTGCCAGATCCCATGGCCGTCATACTGTGACGTCTTTCAGACACCCCATCGACGTCAATGGGAGAACGGTACCTGAGCTCGCTAGCCTCGAGGATATCAAGATCTGGCCTCGGCGGCCAAGCTTAGACACTAGAGGGTATATAATGGAAGCTCGACT,56,scanmut_single_pos_69_C,64.56692573858447,-0.8365012677171204,-0.5170721429399207
scanmut_single_pos_69_G,CCTAACTGGCCGCTTCACTGGCACCAGACAGTGACGTCAGCTGCCAGATCCCATGGCCGTCATACTGTGACGTCTTTCAGACACCCCATGGACGTCAATGGGAGAACGGTACCTGAGCTCGCTAGCCTCGAGGATATCAAGATCTGGCCTCGGCGGCCAAGCTTAGACACTAGAGGGTATATAATGGAAGCTCGACT,56,scanmut_single_pos_69_G,58.8356705690396,-0.8365012677171204,-0.6511763902243296
scanmut_single_pos_70_A,CCTAACTGGCCGCTTCACTGGCACCAGACAGTGACGTCAGCTGCCAGATCCCATGGCCGTCATACTGTGACGTCTTTCAGACACCCCATTAACGTCAATGGGAGAACGGTACCTGAGCTCGCTAGCCTCGAGGATATCAAGATCTGGCCTCGGCGGCCAAGCTTAGACACTAGAGGGTATATAATGGAAGCTCGACT,42,scanmut_single_pos_70_A,52.50809038574552,-1.2515387669959646,-0.8153277511222747
scanmut_single_pos_70_C,CCTAACTGGCCGCTTCACTGGCACCAGACAGTGACGTCAGCTGCCAGATCCCATGGCCGTCATACTGTGACGTCTTTCAGACACCCCATTCACGTCAATGGGAGAACGGTACCTGAGCTCGCTAGCCTCGAGGATATCAAGATCTGGCCTCGGCGGCCAAGCTTAGACACTAGAGGGTATATAATGGAAGCTCGACT,49,scanmut_single_pos_70_C,60.73499305583626,-1.0291463456595165,-0.6053395010242661
scanmut_single_pos_70_T,CCTAACTGGCCGCTTCACTGGCACCAGACAGTGACGTCAGCTGCCAGATCCCATGGCCGTCATACTGTGACGTCTTTCAGACACCCCATTTACGTCAATGGGAGAACGGTACCTGAGCTCGCTAGCCTCGAGGATATCAAGATCTGGCCTCGGCGGCCAAGCTTAGACACTAGAGGGTATATAATGGAAGCTCGACT,73,scanmut_single_pos_70_T,85.98495936563904,-0.4540316308947075,-0.1037831565788667
scanmut_single_pos_71_C,CCTAACTGGCCGCTTCACTGGCACCAGACAGTGACGTCAGCTGCCAGATCCCATGGCCGTCATACTGTGACGTCTTTCAGACACCCCATTGCCGTCAATGGGAGAACGGTACCTGAGCTCGCTAGCCTCGAGGATATCAAGATCTGGCCTCGGCGGCCAAGCTTAGACACTAGAGGGTATATAATGGAAGCTCGACT,39,scanmut_single_pos_71_C,40.75284914868073,-1.3584539709124763,-1.1809665539867833
scanmut_single_pos_71_G,CCTAACTGGCCGCTTCACTGGCACCAGACAGTGACGTCAGCTGCCAGATCCCATGGCCGTCATACTGTGACGTCTTTCAGACACCCCATTGGCGTCAATGGGAGAACGGTACCTGAGCTCGCTAGCCTCGAGGATATCAAGATCTGGCCTCGGCGGCCAAGCTTAGACACTAGAGGGTATATAATGGAAGCTCGACT,53,scanmut_single_pos_71_G,48.00281330169807,-0.9159357352115255,-0.944748519444157
scanmut_single_pos_71_T,CCTAACTGGCCGCTTCACTGGCACCAGACAGTGACGTCAGCTGCCAGATCCCATGGCCGTCATACTGTGACGTCTTTCAGACACCCCATTGTCGTCAATGGGAGAACGGTACCTGAGCTCGCTAGCCTCGAGGATATCAAGATCTGGCCTCGGCGGCCAAGCTTAGACACTAGAGGGTATATAATGGAAGCTCGACT,50,scanmut_single_pos_71_T,45.12980701459488,-1.0,-1.033786870539872
scanmut_single_pos_72_A,CCTAACTGGCCGCTTCACTGGCACCAGACAGTGACGTCAGCTGCCAGATCCCATGGCCGTCATACTGTGACGTCTTTCAGACACCCCATTGAAGTCAATGGGAGAACGGTACCTGAGCTCGCTAGCCTCGAGGATATCAAGATCTGGCCTCGGCGGCCAAGCTTAGACACTAGAGGGTATATAATGGAAGCTCGACT,27,scanmut_single_pos_72_A,36.90483490812292,-1.8889686876112561,-1.3240576434406797
scanmut_single_pos_72_G,CCTAACTGGCCGCTTCACTGGCACCAGACAGTGACGTCAGCTGCCAGATCCCATGGCCGTCATACTGTGACGTCTTTCAGACACCCCATTGAGGTCAATGGGAGAACGGTACCTGAGCTCGCTAGCCTCGAGGATATCAAGATCTGGCCTCGGCGGCCAAGCTTAGACACTAGAGGGTATATAATGGAAGCTCGACT,36,scanmut_single_pos_72_G,35.3435401423369,-1.4739311883324124,-1.3864209269026666
scanmut_single_pos_72_T,CCTAACTGGCCGCTTCACTGGCACCAGACAGTGACGTCAGCTGCCAGATCCCATGGCCGTCATACTGTGACGTCTTTCAGACACCCCATTGATGTCAATGGGAGAACGGTACCTGAGCTCGCTAGCCTCGAGGATATCAAGATCTGGCCTCGGCGGCCAAGCTTAGACACTAGAGGGTATATAATGGAAGCTCGACT,37,scanmut_single_pos_72_T,44.89955669153786,-1.434402824145775,-1.0411662789864284
scanmut_single_pos_73_A,CCTAACTGGCCGCTTCACTGGCACCAGACAGTGACGTCAGCTGCCAGATCCCATGGCCGTCATACTGTGACGTCTTTCAGACACCCCATTGACATCAATGGGAGAACGGTACCTGAGCTCGCTAGCCTCGAGGATATCAAGATCTGGCCTCGGCGGCCAAGCTTAGACACTAGAGGGTATATAATGGAAGCTCGACT,47,scanmut_single_pos_73_A,43.92502159793418,-1.0892673380970874,-1.07282448420158
scanmut_single_pos_73_C,CCTAACTGGCCGCTTCACTGGCACCAGACAGTGACGTCAGCTGCCAGATCCCATGGCCGTCATACTGTGACGTCTTTCAGACACCCCATTGACCTCAATGGGAGAACGGTACCTGAGCTCGCTAGCCTCGAGGATATCAAGATCTGGCCTCGGCGGCCAAGCTTAGACACTAGAGGGTATATAATGGAAGCTCGACT,40,scanmut_single_pos_73_C,35.35359479686011,-1.3219280948873622,-1.3860105623149428
scanmut_single_pos_73_T,CCTAACTGGCCGCTTCACTGGCACCAGACAGTGACGTCAGCTGCCAGATCCCATGGCCGTCATACTGTGACGTCTTTCAGACACCCCATTGACTTCAATGGGAGAACGGTACCTGAGCTCGCTAGCCTCGAGGATATCAAGATCTGGCCTCGGCGGCCAAGCTTAGACACTAGAGGGTATATAATGGAAGCTCGACT,29,scanmut_single_pos_73_T,36.90483490812292,-1.7858751946471527,-1.3240576434406797
scanmut_single_pos_74_A,CCTAACTGGCCGCTTCACTGGCACCAGACAGTGACGTCAGCTGCCAGATCCCATGGCCGTCATACTGTGACGTCTTTCAGACACCCCATTGACGACAATGGGAGAACGGTACCTGAGCTCGCTAGCCTCGAGGATATCAAGATCTGGCCTCGGCGGCCAAGCTTAGACACTAGAGGGTATATAATGGAAGCTCGACT,49,scanmut_single_pos_74_A,46.32756921051489,-1.0291463456595165,-0.9959964930975963
scanmut_single_pos_74_C,CCTAACTGGCCGCTTCACTGGCACCAGACAGTGACGTCAGCTGCCAGATCCCATGGCCGTCATACTGTGACGTCTTTCAGACACCCCATTGACGCCAATGGGAGAACGGTACCTGAGCTCGCTAGCCTCGAGGATATCAAGATCTGGCCTCGGCGGCCAAGCTTAGACACTAGAGGGTATATAATGGAAGCTCGACT,52,scanmut_single_pos_74_C,47.56251646573895,-0.9434164716336325,-0.9580424317435615
scanmut_single_pos_74_G,CCTAACTGGCCGCTTCACTGGCACCAGACAGTGACGTCAGCTGCCAGATCCCATGGCCGTCATACTGTGACGTCTTTCAGACACCCCATTGACGGCAATGGGAGAACGGTACCTGAGCTCGCTAGCCTCGAGGATATCAAGATCTGGCCTCGGCGGCCAAGCTTAGACACTAGAGGGTATATAATGGAAGCTCGACT,34,scanmut_single_pos_74_G,41.756870682351,-1.5563933485243853,-1.1458538814117252
scanmut_single_pos_75_A,CCTAACTGGCCGCTTCACTGGCACCAGACAGTGACGTCAGCTGCCAGATCCCATGGCCGTCATACTGTGACGTCTTTCAGACACCCCATTGACGTAAATGGGAGAACGGTACCTGAGCTCGCTAGCCTCGAGGATATCAAGATCTGGCCTCGGCGGCCAAGCTTAGACACTAGAGGGTATATAATGGAAGCTCGACT,76,scanmut_single_pos_75_A,86.42685360376356,-0.3959286763311392,-0.09638783939114673
scanmut_single_pos_75_G,CCTAACTGGCCGCTTCACTGGCACCAGACAGTGACGTCAGCTGCCAGATCCCATGGCCGTCATACTGTGACGTCTTTCAGACACCCCATTGACGTGAATGGGAGAACGGTACCTGAGCTCGCTAGCCTCGAGGATATCAAGATCTGGCCTCGGCGGCCAAGCTTAGACACTAGAGGGTATATAATGGAAGCTCGACT,52,scanmut_single_pos_75_G,59.68432704182723,-0.9434164716336325,-0.6305153467709068
scanmut_single_pos_75_T,CCTAACTGGCCGCTTCACTGGCACCAGACAGTGACGTCAGCTGCCAGATCCCATGGCCGTCATACTGTGACGTCTTTCAGACACCCCATTGACGTTAATGGGAGAACGGTACCTGAGCTCGCTAGCCTCGAGGATATCAAGATCTGGCCTCGGCGGCCAAGCTTAGACACTAGAGGGTATATAATGGAAGCTCGACT,50,scanmut_single_pos_75_T,52.38569614720624,-1.0,-0.818694540461246
scanmut_single_pos_76_C,CCTAACTGGCCGCTTCACTGGCACCAGACAGTGACGTCAGCTGCCAGATCCCATGGCCGTCATACTGTGACGTCTTTCAGACACCCCATTGACGTCCATGGGAGAACGGTACCTGAGCTCGCTAGCCTCGAGGATATCAAGATCTGGCCTCGGCGGCCAAGCTTAGACACTAGAGGGTATATAATGGAAGCTCGACT,51,scanmut_single_pos_76_C,58.73947836451529,-0.9714308478032291,-0.6535370259311276
scanmut_single_pos_76_G,CCTAACTGGCCGCTTCACTGGCACCAGACAGTGACGTCAGCTGCCAGATCCCATGGCCGTCATACTGTGACGTCTTTCAGACACCCCATTGACGTCGATGGGAGAACGGTACCTGAGCTCGCTAGCCTCGAGGATATCAAGATCTGGCCTCGGCGGCCAAGCTTAGACACTAGAGGGTATATAATGGAAGCTCGACT,56,scanmut_single_pos_76_G,66.20180410816707,-0.8365012677171204,-0.4809969464250338
scanmut_single_pos_76_T,CCTAACTGGCCGCTTCACTGGCACCAGACAGTGACGTCAGCTGCCAGATCCCATGGCCGTCATACTGTGACGTCTTTCAGACACCCCATTGACGTCTATGGGAGAACGGTACCTGAGCTCGCTAGCCTCGAGGATATCAAGATCTGGCCTCGGCGGCCAAGCTTAGACACTAGAGGGTATATAATGGAAGCTCGACT,59,scanmut_single_pos_76_T,59.80984062407884,-0.7612131404128835,-0.6274846065630927
scanmut_single_pos_77_C,CCTAACTGGCCGCTTCACTGGCACCAGACAGTGACGTCAGCTGCCAGATCCCATGGCCGTCATACTGTGACGTCTTTCAGACACCCCATTGACGTCACTGGGAGAACGGTACCTGAGCTCGCTAGCCTCGAGGATATCAAGATCTGGCCTCGGCGGCCAAGCTTAGACACTAGAGGGTATATAATGGAAGCTCGACT,50,scanmut_single_pos_77_C,74.7748607598629,-1.0,-0.30531416093995706
scanmut_single_pos_77_G,CCTAACTGGCCGCTTCACTGGCACCAGACAGTGACGTCAGCTGCCAGATCCCATGGCCGTCATACTGTGACGTCTTTCAGACACCCCATTGACGTCAGTGGGAGAACGGTACCTGAGCTCGCTAGCCTCGAGGATATCAAGATCTGGCCTCGGCGGCCAAGCTTAGACACTAGAGGGTATATAATGGAAGCTCGACT,80,scanmut_single_pos_77_G,77.4534598442224,-0.3219280948873623,-0.25453779420091266
scanmut_single_pos_77_T,CCTAACTGGCCGCTTCACTGGCACCAGACAGTGACGTCAGCTGCCAGATCCCATGGCCGTCATACTGTGACGTCTTTCAGACACCCCATTGACGTCATTGGGAGAACGGTACCTGAGCTCGCTAGCCTCGAGGATATCAAGATCTGGCCTCGGCGGCCAAGCTTAGACACTAGAGGGTATATAATGGAAGCTCGACT,54,scanmut_single_pos_77_T,71.01351106813802,-0.888968687611256,-0.3797739411550795
scanmut_single_pos_78_A,CCTAACTGGCCGCTTCACTGGCACCAGACAGTGACGTCAGCTGCCAGATCCCATGGCCGTCATACTGTGACGTCTTTCAGACACCCCATTGACGTCAAAGGGAGAACGGTACCTGAGCTCGCTAGCCTCGAGGATATCAAGATCTGGCCTCGGCGGCCAAGCTTAGACACTAGAGGGTATATAATGGAAGCTCGACT,59,scanmut_single_pos_78_A,89.23965156520765,-0.7612131404128835,-0.05018259919525647
scanmut_single_pos_78_C,CCTAACTGGCCGCTTCACTGGCACCAGACAGTGACGTCAGCTGCCAGATCCCATGGCCGTCATACTGTGACGTCTTTCAGACACCCCATTGACGTCAACGGGAGAACGGTACCTGAGCTCGCTAGCCTCGAGGATATCAAGATCTGGCCTCGGCGGCCAAGCTTAGACACTAGAGGGTATATAATGGAAGCTCGACT,73,scanmut_single_pos_78_C,84.62224602607733,-0.4540316308947075,-0.12683050189403822
scanmut_single_pos_78_G,CCTAACTGGCCGCTTCACTGGCACCAGACAGTGACGTCAGCTGCCAGATCCCATGGCCGTCATACTGTGACGTCTTTCAGACACCCCATTGACGTCAAGGGGAGAACGGTACCTGAGCTCGCTAGCCTCGAGGATATCAAGATCTGGCCTCGGCGGCCAAGCTTAGACACTAGAGGGTATATAATGGAAGCTCGACT,57,scanmut_single_pos_78_G,93.31803741523852,-0.8109661756099832,0.014288486310386466
scanmut_single_pos_79_A,CCTAACTGGCCGCTTCACTGGCACCAGACAGTGACGTCAGCTGCCAGATCCCATGGCCGTCATACTGTGACGTCTTTCAGACACCCCATTGACGTCAATAGGAGAACGGTACCTGAGCTCGCTAGCCTCGAGGATATCAAGATCTGGCCTCGGCGGCCAAGCTTAGACACTAGAGGGTATATAATGGAAGCTCGACT,88,scanmut_single_pos_79_A,93.77233091855004,-0.18442457113742744,0.021294814624431578
scanmut_single_pos_79_C,CCTAACTGGCCGCTTCACTGGCACCAGACAGTGACGTCAGCTGCCAGATCCCATGGCCGTCATACTGTGACGTCTTTCAGACACCCCATTGACGTCAATCGGAGAACGGTACCTGAGCTCGCTAGCCTCGAGGATATCAAGATCTGGCCTCGGCGGCCAAGCTTAGACACTAGAGGGTATATAATGGAAGCTCGACT,94,scanmut_single_pos_79_C,92.23119615035613,-0.08926733809708741,-0.0026126714632818777
scanmut_single_pos_79_T,CCTAACTGGCCGCTTCACTGGCACCAGACAGTGACGTCAGCTGCCAGATCCCATGGCCGTCATACTGTGACGTCTTTCAGACACCCCATTGACGTCAATTGGAGAACGGTACCTGAGCTCGCTAGCCTCGAGGATATCAAGATCTGGCCTCGGCGGCCAAGCTTAGACACTAGAGGGTATATAATGGAAGCTCGACT,93,scanmut_single_pos_79_T,96.11705432472242,-0.10469737866669324,0.0569249554232911
scanmut_single_pos_80_A,CCTAACTGGCCGCTTCACTGGCACCAGACAGTGACGTCAGCTGCCAGATCCCATGGCCGTCATACTGTGACGTCTTTCAGACACCCCATTGACGTCAATGAGAGAACGGTACCTGAGCTCGCTAGCCTCGAGGATATCAAGATCTGGCCTCGGCGGCCAAGCTTAGACACTAGAGGGTATATAATGGAAGCTCGACT,92,scanmut_single_pos_80_A,94.8284359498936,-0.12029423371771177,0.03745226130165423
scanmut_single_pos_80_C,CCTAACTGGCCGCTTCACTGGCACCAGACAGTGACGTCAGCTGCCAGATCCCATGGCCGTCATACTGTGACGTCTTTCAGACACCCCATTGACGTCAATGCGAGAACGGTACCTGAGCTCGCTAGCCTCGAGGATATCAAGATCTGGCCTCGGCGGCCAAGCTTAGACACTAGAGGGTATATAATGGAAGCTCGACT,101,scanmut_single_pos_80_C,100.6116910695562,0.014355292977070054,0.12285857099837272
scanmut_single_pos_80_T,CCTAACTGGCCGCTTCACTGGCACCAGACAGTGACGTCAGCTGCCAGATCCCATGGCCGTCATACTGTGACGTCTTTCAGACACCCCATTGACGTCAATGTGAGAACGGTACCTGAGCTCGCTAGCCTCGAGGATATCAAGATCTGGCCTCGGCGGCCAAGCTTAGACACTAGAGGGTATATAATGGAAGCTCGACT,92,scanmut_single_pos_80_T,97.8495286710818,-0.12029423371771177,0.08269742177899422
scanmut_single_pos_81_A,CCTAACTGGCCGCTTCACTGGCACCAGACAGTGACGTCAGCTGCCAGATCCCATGGCCGTCATACTGTGACGTCTTTCAGACACCCCATTGACGTCAATGGAAGAACGGTACCTGAGCTCGCTAGCCTCGAGGATATCAAGATCTGGCCTCGGCGGCCAAGCTTAGACACTAGAGGGTATATAATGGAAGCTCGACT,94,scanmut_single_pos_81_A,106.4288193071007,-0.08926733809708741,0.2039494787153736
scanmut_single_pos_81_C,CCTAACTGGCCGCTTCACTGGCACCAGACAGTGACGTCAGCTGCCAGATCCCATGGCCGTCATACTGTGACGTCTTTCAGACACCCCATTGACGTCAATGGCAGAACGGTACCTGAGCTCGCTAGCCTCGAGGATATCAAGATCTGGCCTCGGCGGCCAAGCTTAGACACTAGAGGGTATATAATGGAAGCTCGACT,92,scanmut_single_pos_81_C,105.2247246078664,-0.12029423371771177,0.187534348968854
scanmut_single_pos_81_T,CCTAACTGGCCGCTTCACTGGCACCAGACAGTGACGTCAGCTGCCAGATCCCATGGCCGTCATACTGTGACGTCTTTCAGACACCCCATTGACGTCAATGGTAGAACGGTACCTGAGCTCGCTAGCCTCGAGGATATCAAGATCTGGCCTCGGCGGCCAAGCTTAGACACTAGAGGGTATATAATGGAAGCTCGACT,89,scanmut_single_pos_81_T,96.7642432776766,-0.16812275880832692,0.06660655554308634
scanmut_single_pos_82_C,CCTAACTGGCCGCTTCACTGGCACCAGACAGTGACGTCAGCTGCCAGATCCCATGGCCGTCATACTGTGACGTCTTTCAGACACCCCATTGACGTCAATGGGCGAACGGTACCTGAGCTCGCTAGCCTCGAGGATATCAAGATCTGGCCTCGGCGGCCAAGCTTAGACACTAGAGGGTATATAATGGAAGCTCGACT,106,scanmut_single_pos_82_C,101.0595381901517,0.08406426478847455,0.12926610750626563
scanmut_single_pos_82_G,CCTAACTGGCCGCTTCACTGGCACCAGACAGTGACGTCAGCTGCCAGATCCCATGGCCGTCATACTGTGACGTCTTTCAGACACCCCATTGACGTCAATGGGGGAACGGTACCTGAGCTCGCTAGCCTCGAGGATATCAAGATCTGGCCTCGGCGGCCAAGCTTAGACACTAGAGGGTATATAATGGAAGCTCGACT,95,scanmut_single_pos_82_G,94.27436936337728,-0.07400058144377693,0.028998114862284707
scanmut_single_pos_82_T,CCTAACTGGCCGCTTCACTGGCACCAGACAGTGACGTCAGCTGCCAGATCCCATGGCCGTCATACTGTGACGTCTTTCAGACACCCCATTGACGTCAATGGGTGAACGGTACCTGAGCTCGCTAGCCTCGAGGATATCAAGATCTGGCCTCGGCGGCCAAGCTTAGACACTAGAGGGTATATAATGGAAGCTCGACT,97,scanmut_single_pos_82_T,90.09820562308786,-0.043943347587597055,-0.03636910589464905
scanmut_single_pos_83_A,CCTAACTGGCCGCTTCACTGGCACCAGACAGTGACGTCAGCTGCCAGATCCCATGGCCGTCATACTGTGACGTCTTTCAGACACCCCATTGACGTCAATGGGAAAACGGTACCTGAGCTCGCTAGCCTCGAGGATATCAAGATCTGGCCTCGGCGGCCAAGCTTAGACACTAGAGGGTATATAATGGAAGCTCGACT,101,scanmut_single_pos_83_A,93.97206697177992,0.014355292977070054,0.024364502193641318
scanmut_single_pos_83_C,CCTAACTGGCCGCTTCACTGGCACCAGACAGTGACGTCAGCTGCCAGATCCCATGGCCGTCATACTGTGACGTCTTTCAGACACCCCATTGACGTCAATGGGACAACGGTACCTGAGCTCGCTAGCCTCGAGGATATCAAGATCTGGCCTCGGCGGCCAAGCTTAGACACTAGAGGGTATATAATGGAAGCTCGACT,96,scanmut_single_pos_83_C,108.7758404392807,-0.058893689053568565,0.2354187787547148
scanmut_single_pos_83_T,CCTAACTGGCCGCTTCACTGGCACCAGACAGTGACGTCAGCTGCCAGATCCCATGGCCGTCATACTGTGACGTCTTTCAGACACCCCATTGACGTCAATGGGATAACGGTACCTGAGCTCGCTAGCCTCGAGGATATCAAGATCTGGCCTCGGCGGCCAAGCTTAGACACTAGAGGGTATATAATGGAAGCTCGACT,103,scanmut_single_pos_83_T,104.1510283516439,0.04264433740849372,0.17273769920521886
scanmut_single_pos_84_C,CCTAACTGGCCGCTTCACTGGCACCAGACAGTGACGTCAGCTGCCAGATCCCATGGCCGTCATACTGTGACGTCTTTCAGACACCCCATTGACGTCAATGGGAGCACGGTACCTGAGCTCGCTAGCCTCGAGGATATCAAGATCTGGCCTCGGCGGCCAAGCTTAGACACTAGAGGGTATATAATGGAAGCTCGACT,121,scanmut_single_pos_84_C,99.57139525240116,0.27500704749986976,0.10786386635385185
scanmut_single_pos_84_G,CCTAACTGGCCGCTTCACTGGCACCAGACAGTGACGTCAGCTGCCAGATCCCATGGCCGTCATACTGTGACGTCTTTCAGACACCCCATTGACGTCAATGGGAGGACGGTACCTGAGCTCGCTAGCCTCGAGGATATCAAGATCTGGCCTCGGCGGCCAAGCTTAGACACTAGAGGGTATATAATGGAAGCTCGACT,138,scanmut_single_pos_84_G,103.2943297005971,0.46466826700344427,0.16082167530925712
scanmut_single_pos_84_T,CCTAACTGGCCGCTTCACTGGCACCAGACAGTGACGTCAGCTGCCAGATCCCATGGCCGTCATACTGTGACGTCTTTCAGACACCCCATTGACGTCAATGGGAGTACGGTACCTGAGCTCGCTAGCCTCGAGGATATCAAGATCTGGCCTCGGCGGCCAAGCTTAGACACTAGAGGGTATATAATGGAAGCTCGACT,106,scanmut_single_pos_84_T,103.7323917945117,0.08406426478847455,0.16692707995594697
scanmut_single_pos_85_C,CCTAACTGGCCGCTTCACTGGCACCAGACAGTGACGTCAGCTGCCAGATCCCATGGCCGTCATACTGTGACGTCTTTCAGACACCCCATTGACGTCAATGGGAGACCGGTACCTGAGCTCGCTAGCCTCGAGGATATCAAGATCTGGCCTCGGCGGCCAAGCTTAGACACTAGAGGGTATATAATGGAAGCTCGACT,106,scanmut_single_pos_85_C,95.12926058771856,0.08406426478847455,0.04202168474580805
scanmut_single_pos_85_G,CCTAACTGGCCGCTTCACTGGCACCAGACAGTGACGTCAGCTGCCAGATCCCATGGCCGTCATACTGTGACGTCTTTCAGACACCCCATTGACGTCAATGGGAGAGCGGTACCTGAGCTCGCTAGCCTCGAGGATATCAAGATCTGGCCTCGGCGGCCAAGCTTAGACACTAGAGGGTATATAATGGAAGCTCGACT,100,scanmut_single_pos_85_G,104.6797685673009,0.0,0.18004325497880388
scanmut_single_pos_85_T,CCTAACTGGCCGCTTCACTGGCACCAGACAGTGACGTCAGCTGCCAGATCCCATGGCCGTCATACTGTGACGTCTTTCAGACACCCCATTGACGTCAATGGGAGATCGGTACCTGAGCTCGCTAGCCTCGAGGATATCAAGATCTGGCCTCGGCGGCCAAGCTTAGACACTAGAGGGTATATAATGGAAGCTCGACT,98,scanmut_single_pos_85_T,96.45086532778808,-0.029146345659516508,0.06192670194436025
scanmut_single_pos_86_A,CCTAACTGGCCGCTTCACTGGCACCAGACAGTGACGTCAGCTGCCAGATCCCATGGCCGTCATACTGTGACGTCTTTCAGACACCCCATTGACGTCAATGGGAGAAAGGTACCTGAGCTCGCTAGCCTCGAGGATATCAAGATCTGGCCTCGGCGGCCAAGCTTAGACACTAGAGGGTATATAATGGAAGCTCGACT,102,scanmut_single_pos_86_A,105.1263441107553,0.02856915219677092,0.18618486149996866
scanmut_single_pos_86_G,CCTAACTGGCCGCTTCACTGGCACCAGACAGTGACGTCAGCTGCCAGATCCCATGGCCGTCATACTGTGACGTCTTTCAGACACCCCATTGACGTCAATGGGAGAAGGGTACCTGAGCTCGCTAGCCTCGAGGATATCAAGATCTGGCCTCGGCGGCCAAGCTTAGACACTAGAGGGTATATAATGGAAGCTCGACT,100,scanmut_single_pos_86_G,104.1085234795538,0.0,0.17214880358443913
scanmut_single_pos_86_T,CCTAACTGGCCGCTTCACTGGCACCAGACAGTGACGTCAGCTGCCAGATCCCATGGCCGTCATACTGTGACGTCTTTCAGACACCCCATTGACGTCAATGGGAGAATGGTACCTGAGCTCGCTAGCCTCGAGGATATCAAGATCTGGCCTCGGCGGCCAAGCTTAGACACTAGAGGGTATATAATGGAAGCTCGACT,98,scanmut_single_pos_86_T,95.7880992381902,-0.029146345659516508,0.05197894612619496
