type,name,sequence,expression level,xml_name,predicted,observed_delta,predicted_delta
reverse,synCRE_Promega_0,CCTAACTGGCCGCTTCACTGGTTCTCCCATTGACGTCAATGGGGTGTCTGAAAGACGTCACAGTATGACGGCCATGGGATCTGGCAGCTGACGTCACTGTCTGGTGCGGTACCTGAGCTCGCTAGCCTCGAGGATATCAAGATCTGGCCTCGGCGGCCAAGCTTAGACACTAGAGGGTATATAATGGAAGCTCGACT,100,synCRE_Promega_0,93.51441973378633,0.0,0.0
reverse,scanmut_single_pos_0_A,CCTAACTGGCCGCTTCACTGGTTCTCCCATTGACGTCAATGGGGTGTCTGAAAGACGTCACAGTATGACGGCCATGGGATCTGGCAGCTGACGTCACTGTCTGGTGTGGTACCTGAGCTCGCTAGCCTCGAGGATATCAAGATCTGGCCTCGGCGGCCAAGCTTAGACACTAGAGGGTATATAATGGAAGCTCGACT,105,scanmut_single_pos_0_A,93.51441973378633,0.070389327891398,0.0
reverse,scanmut_single_pos_0_C,CCTAACTGGCCGCTTCACTGGTTCTCCCATTGACGTCAATGGGGTGTCTGAAAGACGTCACAGTATGACGGCCATGGGATCTGGCAGCTGACGTCACTGTCTGGTGGGGTACCTGAGCTCGCTAGCCTCGAGGATATCAAGATCTGGCCTCGGCGGCCAAGCTTAGACACTAGAGGGTATATAATGGAAGCTCGACT,89,scanmut_single_pos_0_C,101.1247798410042,-0.16812275880832692,0.11287581384960241
reverse,scanmut_single_pos_0_T,CCTAACTGGCCGCTTCACTGGTTCTCCCATTGACGTCAATGGGGTGTCTGAAAGACGTCACAGTATGACGGCCATGGGATCTGGCAGCTGACGTCACTGTCTGGTGAGGTACCTGAGCTCGCTAGCCTCGAGGATATCAAGATCTGGCCTCGGCGGCCAAGCTTAGACACTAGAGGGTATATAATGGAAGCTCGACT,75,scanmut_single_pos_0_T,96.93038514258812,-0.4150374992788438,0.05176014092963535
reverse,scanmut_single_pos_1_A,CCTAACTGGCCGCTTCACTGGTTCTCCCATTGACGTCAATGGGGTGTCTGAAAGACGTCACAGTATGACGGCCATGGGATCTGGCAGCTGACGTCACTGTCTGGTTCGGTACCTGAGCTCGCTAGCCTCGAGGATATCAAGATCTGGCCTCGGCGGCCAAGCTTAGACACTAGAGGGTATATAATGGAAGCTCGACT,90,scanmut_single_pos_1_A,93.42315968130464,-0.15200309344504995,-0.0014086031927645702
reverse,scanmut_single_pos_1_G,CCTAACTGGCCGCTTCACTGGTTCTCCCATTGACGTCAATGGGGTGTCTGAAAGACGTCACAGTATGACGGCCATGGGATCTGGCAGCTGACGTCACTGTCTGGTCCGGTACCTGAGCTCGCTAGCCTCGAGGATATCAAGATCTGGCCTCGGCGGCCAAGCTTAGACACTAGAGGGTATATAATGGAAGCTCGACT,76,scanmut_single_pos_1_G,93.1401420087449,-0.3959286763311392,-0.0057857609960596775
reverse,scanmut_single_pos_2_C,CCTAACTGGCCGCTTCACTGGTTCTCCCATTGACGTCAATGGGGTGTCTGAAAGACGTCACAGTATGACGGCCATGGGATCTGGCAGCTGACGTCACTGTCTGGGGCGGTACCTGAGCTCGCTAGCCTCGAGGATATCAAGATCTGGCCTCGGCGGCCAAGCTTAGACACTAGAGGGTATATAATGGAAGCTCGACT,103,scanmut_single_pos_2_C,100.1068379831113,0.04264433740849372,0.0982797755841646
reverse,scanmut_single_pos_2_G,CCTAACTGGCCGCTTCACTGGTTCTCCCATTGACGTCAATGGGGTGTCTGAAAGACGTCACAGTATGACGGCCATGGGATCTGGCAGCTGACGTCACTGTCTGGCGCGGTACCTGAGCTCGCTAGCCTCGAGGATATCAAGATCTGGCCTCGGCGGCCAAGCTTAGACACTAGAGGGTATATAATGGAAGCTCGACT,157,scanmut_single_pos_2_G,110.439905718543,0.6507645591169023,0.24000081351032862
reverse,scanmut_single_pos_2_T,CCTAACTGGCCGCTTCACTGGTTCTCCCATTGACGTCAATGGGGTGTCTGAAAGACGTCACAGTATGACGGCCATGGGATCTGGCAGCTGACGTCACTGTCTGGAGCGGTACCTGAGCTCGCTAGCCTCGAGGATATCAAGATCTGGCCTCGGCGGCCAAGCTTAGACACTAGAGGGTATATAATGGAAGCTCGACT,102,scanmut_single_pos_2_T,100.2816927819343,0.02856915219677092,0.10079750665587928
reverse,scanmut_single_pos_3_A,CCTAACTGGCCGCTTCACTGGTTCTCCCATTGACGTCAATGGGGTGTCTGAAAGACGTCACAGTATGACGGCCATGGGATCTGGCAGCTGACGTCACTGTCTGTTGCGGTACCTGAGCTCGCTAGCCTCGAGGATATCAAGATCTGGCCTCGGCGGCCAAGCTTAGACACTAGAGGGTATATAATGGAAGCTCGACT,92,scanmut_single_pos_3_A,93.44396935925197,-0.12029423371771177,-0.0010872837669741071
reverse,scanmut_single_pos_3_G,CCTAACTGGCCGCTTCACTGGTTCTCCCATTGACGTCAATGGGGTGTCTGAAAGACGTCACAGTATGACGGCCATGGGATCTGGCAGCTGACGTCACTGTCTGCTGCGGTACCTGAGCTCGCTAGCCTCGAGGATATCAAGATCTGGCCTCGGCGGCCAAGCTTAGACACTAGAGGGTATATAATGGAAGCTCGACT,90,scanmut_single_pos_3_G,93.44396935925197,-0.15200309344504995,-0.0010872837669741071
reverse,scanmut_single_pos_3_T,CCTAACTGGCCGCTTCACTGGTTCTCCCATTGACGTCAATGGGGTGTCTGAAAGACGTCACAGTATGACGGCCATGGGATCTGGCAGCTGACGTCACTGTCTGATGCGGTACCTGAGCTCGCTAGCCTCGAGGATATCAAGATCTGGCCTCGGCGGCCAAGCTTAGACACTAGAGGGTATATAATGGAAGCTCGACT,99,scanmut_single_pos_3_T,110.6995530537936,-0.014499569695115089,0.24338864937790328
reverse,scanmut_single_pos_4_A,CCTAACTGGCCGCTTCACTGGTTCTCCCATTGACGTCAATGGGGTGTCTGAAAGACGTCACAGTATGACGGCCATGGGATCTGGCAGCTGACGTCACTGTCTTGTGCGGTACCTGAGCTCGCTAGCCTCGAGGATATCAAGATCTGGCCTCGGCGGCCAAGCTTAGACACTAGAGGGTATATAATGGAAGCTCGACT,82,scanmut_single_pos_4_A,93.54759502585424,-0.2863041851566411,0.0005117215262512927
reverse,scanmut_single_pos_4_G,CCTAACTGGCCGCTTCACTGGTTCTCCCATTGACGTCAATGGGGTGTCTGAAAGACGTCACAGTATGACGGCCATGGGATCTGGCAGCTGACGTCACTGTCTCGTGCGGTACCTGAGCTCGCTAGCCTCGAGGATATCAAGATCTGGCCTCGGCGGCCAAGCTTAGACACTAGAGGGTATATAATGGAAGCTCGACT,127,scanmut_single_pos_4_G,93.47460166736342,0.34482849699744117,-0.0006144246052944871
reverse,scanmut_single_pos_4_T,CCTAACTGGCCGCTTCACTGGTTCTCCCATTGACGTCAATGGGGTGTCTGAAAGACGTCACAGTATGACGGCCATGGGATCTGGCAGCTGACGTCACTGTCTAGTGCGGTACCTGAGCTCGCTAGCCTCGAGGATATCAAGATCTGGCCTCGGCGGCCAAGCTTAGACACTAGAGGGTATATAATGGAAGCTCGACT,88,scanmut_single_pos_4_T,93.47460166736342,-0.18442457113742744,-0.0006144246052944871
reverse,scanmut_single_pos_5_C,CCTAACTGGCCGCTTCACTGGTTCTCCCATTGACGTCAATGGGGTGTCTGAAAGACGTCACAGTATGACGGCCATGGGATCTGGCAGCTGACGTCACTGTCGGGTGCGGTACCTGAGCTCGCTAGCCTCGAGGATATCAAGATCTGGCCTCGGCGGCCAAGCTTAGACACTAGAGGGTATATAATGGAAGCTCGACT,81,scanmut_single_pos_5_C,93.51441973378633,-0.3040061868900999,0.0
reverse,scanmut_single_pos_5_G,CCTAACTGGCCGCTTCACTGGTTCTCCCATTGACGTCAATGGGGTGTCTGAAAGACGTCACAGTATGACGGCCATGGGATCTGGCAGCTGACGTCACTGTCCGGTGCGGTACCTGAGCTCGCTAGCCTCGAGGATATCAAGATCTGGCCTCGGCGGCCAAGCTTAGACACTAGAGGGTATATAATGGAAGCTCGACT,77,scanmut_single_pos_5_G,93.51441973378633,-0.3770696490798233,0.0
reverse,scanmut_single_pos_5_T,CCTAACTGGCCGCTTCACTGGTTCTCCCATTGACGTCAATGGGGTGTCTGAAAGACGTCACAGTATGACGGCCATGGGATCTGGCAGCTGACGTCACTGTCAGGTGCGGTACCTGAGCTCGCTAGCCTCGAGGATATCAAGATCTGGCCTCGGCGGCCAAGCTTAGACACTAGAGGGTATATAATGGAAGCTCGACT,103,scanmut_single_pos_5_T,93.51441973378633,0.04264433740849372,0.0
reverse,scanmut_single_pos_6_A,CCTAACTGGCCGCTTCACTGGTTCTCCCATTGACGTCAATGGGGTGTCTGAAAGACGTCACAGTATGACGGCCATGGGATCTGGCAGCTGACGTCACTGTTTGGTGCGGTACCTGAGCTCGCTAGCCTCGAGGATATCAAGATCTGGCCTCGGCGGCCAAGCTTAGACACTAGAGGGTATATAATGGAAGCTCGACT,71,scanmut_single_pos_6_A,93.51441973378633,-0.4941090702700427,0.0
reverse,scanmut_single_pos_6_C,CCTAACTGGCCGCTTCACTGGTTCTCCCATTGACGTCAATGGGGTGTCTGAAAGACGTCACAGTATGACGGCCATGGGATCTGGCAGCTGACGTCACTGTGTGGTGCGGTACCTGAGCTCGCTAGCCTCGAGGATATCAAGATCTGGCCTCGGCGGCCAAGCTTAGACACTAGAGGGTATATAATGGAAGCTCGACT,74,scanmut_single_pos_6_C,93.51441973378633,-0.4344028241457749,0.0
reverse,scanmut_single_pos_6_T,CCTAACTGGCCGCTTCACTGGTTCTCCCATTGACGTCAATGGGGTGTCTGAAAGACGTCACAGTATGACGGCCATGGGATCTGGCAGCTGACGTCACTGTATGGTGCGGTACCTGAGCTCGCTAGCCTCGAGGATATCAAGATCTGGCCTCGGCGGCCAAGCTTAGACACTAGAGGGTATATAATGGAAGCTCGACT,75,scanmut_single_pos_6_T,93.51441973378633,-0.4150374992788438,0.0
reverse,scanmut_single_pos_7_C,CCTAACTGGCCGCTTCACTGGTTCTCCCATTGACGTCAATGGGGTGTCTGAAAGACGTCACAGTATGACGGCCATGGGATCTGGCAGCTGACGTCACTGGCTGGTGCGGTACCTGAGCTCGCTAGCCTCGAGGATATCAAGATCTGGCCTCGGCGGCCAAGCTTAGACACTAGAGGGTATATAATGGAAGCTCGACT,73,scanmut_single_pos_7_C,93.51441973378633,-0.4540316308947075,0.0
reverse,scanmut_single_pos_7_G,CCTAACTGGCCGCTTCACTGGTTCTCCCATTGACGTCAATGGGGTGTCTGAAAGACGTCACAGTATGACGGCCATGGGATCTGGCAGCTGACGTCACTGCCTGGTGCGGTACCTGAGCTCGCTAGCCTCGAGGATATCAAGATCTGGCCTCGGCGGCCAAGCTTAGACACTAGAGGGTATATAATGGAAGCTCGACT,78,scanmut_single_pos_7_G,93.51441973378633,-0.3584539709124763,0.0
reverse,scanmut_single_pos_7_T,CCTAACTGGCCGCTTCACTGGTTCTCCCATTGACGTCAATGGGGTGTCTGAAAGACGTCACAGTATGACGGCCATGGGATCTGGCAGCTGACGTCACTGACTGGTGCGGTACCTGAGCTCGCTAGCCTCGAGGATATCAAGATCTGGCCTCGGCGGCCAAGCTTAGACACTAGAGGGTATATAATGGAAGCTCGACT,83,scanmut_single_pos_7_T,93.51441973378633,-0.2688167584278,0.0
reverse,scanmut_single_pos_8_A,CCTAACTGGCCGCTTCACTGGTTCTCCCATTGACGTCAATGGGGTGTCTGAAAGACGTCACAGTATGACGGCCATGGGATCTGGCAGCTGACGTCACTTTCTGGTGCGGTACCTGAGCTCGCTAGCCTCGAGGATATCAAGATCTGGCCTCGGCGGCCAAGCTTAGACACTAGAGGGTATATAATGGAAGCTCGACT,83,scanmut_single_pos_8_A,99.19052382707868,-0.2688167584278,0.08501345643245581
reverse,scanmut_single_pos_8_G,CCTAACTGGCCGCTTCACTGGTTCTCCCATTGACGTCAATGGGGTGTCTGAAAGACGTCACAGTATGACGGCCATGGGATCTGGCAGCTGACGTCACTCTCTGGTGCGGTACCTGAGCTCGCTAGCCTCGAGGATATCAAGATCTGGCCTCGGCGGCCAAGCTTAGACACTAGAGGGTATATAATGGAAGCTCGACT,79,scanmut_single_pos_8_G,96.36593010706052,-0.3400754415976217,0.04333433318241817
reverse,scanmut_single_pos_8_T,CCTAACTGGCCGCTTCACTGGTTCTCCCATTGACGTCAATGGGGTGTCTGAAAGACGTCACAGTATGACGGCCATGGGATCTGGCAGCTGACGTCACTATCTGGTGCGGTACCTGAGCTCGCTAGCCTCGAGGATATCAAGATCTGGCCTCGGCGGCCAAGCTTAGACACTAGAGGGTATATAATGGAAGCTCGACT,77,scanmut_single_pos_8_T,95.20899319422512,-0.3770696490798233,0.025909010394630533
reverse,scanmut_single_pos_9_C,CCTAACTGGCCGCTTCACTGGTTCTCCCATTGACGTCAATGGGGTGTCTGAAAGACGTCACAGTATGACGGCCATGGGATCTGGCAGCTGACGTCACGGTCTGGTGCGGTACCTGAGCTCGCTAGCCTCGAGGATATCAAGATCTGGCCTCGGCGGCCAAGCTTAGACACTAGAGGGTATATAATGGAAGCTCGACT,76,scanmut_single_pos_9_C,99.01444498775786,-0.3959286763311392,0.08245016917847146
reverse,scanmut_single_pos_9_G,CCTAACTGGCCGCTTCACTGGTTCTCCCATTGACGTCAATGGGGTGTCTGAAAGACGTCACAGTATGACGGCCATGGGATCTGGCAGCTGACGTCACCGTCTGGTGCGGTACCTGAGCTCGCTAGCCTCGAGGATATCAAGATCTGGCCTCGGCGGCCAAGCTTAGACACTAGAGGGTATATAATGGAAGCTCGACT,90,scanmut_single_pos_9_G,89.32041757446105,-0.15200309344504995,-0.06619884700182889
reverse,scanmut_single_pos_9_T,CCTAACTGGCCGCTTCACTGGTTCTCCCATTGACGTCAATGGGGTGTCTGAAAGACGTCACAGTATGACGGCCATGGGATCTGGCAGCTGACGTCACAGTCTGGTGCGGTACCTGAGCTCGCTAGCCTCGAGGATATCAAGATCTGGCCTCGGCGGCCAAGCTTAGACACTAGAGGGTATATAATGGAAGCTCGACT,73,scanmut_single_pos_9_T,94.43391852014128,-0.4540316308947075,0.01411629318104314
reverse,scanmut_single_pos_10_A,CCTAACTGGCCGCTTCACTGGTTCTCCCATTGACGTCAATGGGGTGTCTGAAAGACGTCACAGTATGACGGCCATGGGATCTGGCAGCTGACGTCATTGTCTGGTGCGGTACCTGAGCTCGCTAGCCTCGAGGATATCAAGATCTGGCCTCGGCGGCCAAGCTTAGACACTAGAGGGTATATAATGGAAGCTCGACT,94,scanmut_single_pos_10_A,86.4199111062579,-0.08926733809708741,-0.11382509586646415
reverse,scanmut_single_pos_10_C,CCTAACTGGCCGCTTCACTGGTTCTCCCATTGACGTCAATGGGGTGTCTGAAAGACGTCACAGTATGACGGCCATGGGATCTGGCAGCTGACGTCAGTGTCTGGTGCGGTACCTGAGCTCGCTAGCCTCGAGGATATCAAGATCTGGCCTCGGCGGCCAAGCTTAGACACTAGAGGGTATATAATGGAAGCTCGACT,133,scanmut_single_pos_10_C,107.7863047184069,0.41142624572646497,0.2049131336082683
reverse,scanmut_single_pos_10_T,CCTAACTGGCCGCTTCACTGGTTCTCCCATTGACGTCAATGGGGTGTCTGAAAGACGTCACAGTATGACGGCCATGGGATCTGGCAGCTGACGTCAATGTCTGGTGCGGTACCTGAGCTCGCTAGCCTCGAGGATATCAAGATCTGGCCTCGGCGGCCAAGCTTAGACACTAGAGGGTATATAATGGAAGCTCGACT,140,scanmut_single_pos_10_T,117.1927378677993,0.48542682717024166,0.32562242451886486
reverse,scanmut_single_pos_11_A,CCTAACTGGCCGCTTCACTGGTTCTCCCATTGACGTCAATGGGGTGTCTGAAAGACGTCACAGTATGACGGCCATGGGATCTGGCAGCTGACGTCTCTGTCTGGTGCGGTACCTGAGCTCGCTAGCCTCGAGGATATCAAGATCTGGCCTCGGCGGCCAAGCTTAGACACTAGAGGGTATATAATGGAAGCTCGACT,104,scanmut_single_pos_11_A,102.6016123673568,0.056583528366367514,0.1337926549225914
reverse,scanmut_single_pos_11_C,CCTAACTGGCCGCTTCACTGGTTCTCCCATTGACGTCAATGGGGTGTCTGAAAGACGTCACAGTATGACGGCCATGGGATCTGGCAGCTGACGTCGCTGTCTGGTGCGGTACCTGAGCTCGCTAGCCTCGAGGATATCAAGATCTGGCCTCGGCGGCCAAGCTTAGACACTAGAGGGTATATAATGGAAGCTCGACT,97,scanmut_single_pos_11_C,103.7827716006939,-0.043943347587597055,0.15030622189734236
reverse,scanmut_single_pos_11_G,CCTAACTGGCCGCTTCACTGGTTCTCCCATTGACGTCAATGGGGTGTCTGAAAGACGTCACAGTATGACGGCCATGGGATCTGGCAGCTGACGTCCCTGTCTGGTGCGGTACCTGAGCTCGCTAGCCTCGAGGATATCAAGATCTGGCCTCGGCGGCCAAGCTTAGACACTAGAGGGTATATAATGGAAGCTCGACT,86,scanmut_single_pos_11_G,99.46649062108008,-0.21759143507262677,0.08902173353624578
reverse,scanmut_single_pos_12_A,CCTAACTGGCCGCTTCACTGGTTCTCCCATTGACGTCAATGGGGTGTCTGAAAGACGTCACAGTATGACGGCCATGGGATCTGGCAGCTGACGTTACTGTCTGGTGCGGTACCTGAGCTCGCTAGCCTCGAGGATATCAAGATCTGGCCTCGGCGGCCAAGCTTAGACACTAGAGGGTATATAATGGAAGCTCGACT,93,scanmut_single_pos_12_A,85.46672348422344,-0.10469737866669324,-0.12982602758699718
reverse,scanmut_single_pos_12_C,CCTAACTGGCCGCTTCACTGGTTCTCCCATTGACGTCAATGGGGTGTCTGAAAGACGTCACAGTATGACGGCCATGGGATCTGGCAGCTGACGTGACTGTCTGGTGCGGTACCTGAGCTCGCTAGCCTCGAGGATATCAAGATCTGGCCTCGGCGGCCAAGCTTAGACACTAGAGGGTATATAATGGAAGCTCGACT,102,scanmut_single_pos_12_C,102.0075905157717,0.02856915219677092,0.12541576106697444
reverse,scanmut_single_pos_12_T,CCTAACTGGCCGCTTCACTGGTTCTCCCATTGACGTCAATGGGGTGTCTGAAAGACGTCACAGTATGACGGCCATGGGATCTGGCAGCTGACGTAACTGTCTGGTGCGGTACCTGAGCTCGCTAGCCTCGAGGATATCAAGATCTGGCCTCGGCGGCCAAGCTTAGACACTAGAGGGTATATAATGGAAGCTCGACT,111,scanmut_single_pos_12_T,106.6749766790747,0.15055967657538138,0.18996104722760596
reverse,scanmut_single_pos_13_C,CCTAACTGGCCGCTTCACTGGTTCTCCCATTGACGTCAATGGGGTGTCTGAAAGACGTCACAGTATGACGGCCATGGGATCTGGCAGCTGACGGCACTGTCTGGTGCGGTACCTGAGCTCGCTAGCCTCGAGGATATCAAGATCTGGCCTCGGCGGCCAAGCTTAGACACTAGAGGGTATATAATGGAAGCTCGACT,73,scanmut_single_pos_13_C,71.4673926666097,-0.4540316308947075,-0.3879036871793642
reverse,scanmut_single_pos_13_G,CCTAACTGGCCGCTTCACTGGTTCTCCCATTGACGTCAATGGGGTGTCTGAAAGACGTCACAGTATGACGGCCATGGGATCTGGCAGCTGACGCCACTGTCTGGTGCGGTACCTGAGCTCGCTAGCCTCGAGGATATCAAGATCTGGCCTCGGCGGCCAAGCTTAGACACTAGAGGGTATATAATGGAAGCTCGACT,92,scanmut_single_pos_13_G,86.4592941060287,-0.12029423371771177,-0.11316778535444792
reverse,scanmut_single_pos_13_T,CCTAACTGGCCGCTTCACTGGTTCTCCCATTGACGTCAATGGGGTGTCTGAAAGACGTCACAGTATGACGGCCATGGGATCTGGCAGCTGACGACACTGTCTGGTGCGGTACCTGAGCTCGCTAGCCTCGAGGATATCAAGATCTGGCCTCGGCGGCCAAGCTTAGACACTAGAGGGTATATAATGGAAGCTCGACT,90,scanmut_single_pos_13_T,84.34452883401273,-0.15200309344504995,-0.14889435437224852
reverse,scanmut_single_pos_14_A,CCTAACTGGCCGCTTCACTGGTTCTCCCATTGACGTCAATGGGGTGTCTGAAAGACGTCACAGTATGACGGCCATGGGATCTGGCAGCTGACTTCACTGTCTGGTGCGGTACCTGAGCTCGCTAGCCTCGAGGATATCAAGATCTGGCCTCGGCGGCCAAGCTTAGACACTAGAGGGTATATAATGGAAGCTCGACT,81,scanmut_single_pos_14_A,73.38981676489463,-0.3040061868900999,-0.34960894760768396
reverse,scanmut_single_pos_14_G,CCTAACTGGCCGCTTCACTGGTTCTCCCATTGACGTCAATGGGGTGTCTGAAAGACGTCACAGTATGACGGCCATGGGATCTGGCAGCTGACCTCACTGTCTGGTGCGGTACCTGAGCTCGCTAGCCTCGAGGATATCAAGATCTGGCCTCGGCGGCCAAGCTTAGACACTAGAGGGTATATAATGGAAGCTCGACT,80,scanmut_single_pos_14_G,57.02962550487873,-0.3219280948873623,-0.7134772837750611
reverse,scanmut_single_pos_14_T,CCTAACTGGCCGCTTCACTGGTTCTCCCATTGACGTCAATGGGGTGTCTGAAAGACGTCACAGTATGACGGCCATGGGATCTGGCAGCTGACATCACTGTCTGGTGCGGTACCTGAGCTCGCTAGCCTCGAGGATATCAAGATCTGGCCTCGGCGGCCAAGCTTAGACACTAGAGGGTATATAATGGAAGCTCGACT,77,scanmut_single_pos_14_T,74.51568912478798,-0.3770696490798233,-0.3276446287768869
reverse,scanmut_single_pos_15_A,CCTAACTGGCCGCTTCACTGGTTCTCCCATTGACGTCAATGGGGTGTCTGAAAGACGTCACAGTATGACGGCCATGGGATCTGGCAGCTGATGTCACTGTCTGGTGCGGTACCTGAGCTCGCTAGCCTCGAGGATATCAAGATCTGGCCTCGGCGGCCAAGCTTAGACACTAGAGGGTATATAATGGAAGCTCGACT,90,scanmut_single_pos_15_A,74.44629996222446,-0.15200309344504995,-0.3289886952541948
reverse,scanmut_single_pos_15_C,CCTAACTGGCCGCTTCACTGGTTCTCCCATTGACGTCAATGGGGTGTCTGAAAGACGTCACAGTATGACGGCCATGGGATCTGGCAGCTGAGGTCACTGTCTGGTGCGGTACCTGAGCTCGCTAGCCTCGAGGATATCAAGATCTGGCCTCGGCGGCCAAGCTTAGACACTAGAGGGTATATAATGGAAGCTCGACT,82,scanmut_single_pos_15_C,60.44810467149912,-0.2863041851566411,-0.6294917378003284
reverse,scanmut_single_pos_15_T,CCTAACTGGCCGCTTCACTGGTTCTCCCATTGACGTCAATGGGGTGTCTGAAAGACGTCACAGTATGACGGCCATGGGATCTGGCAGCTGAAGTCACTGTCTGGTGCGGTACCTGAGCTCGCTAGCCTCGAGGATATCAAGATCTGGCCTCGGCGGCCAAGCTTAGACACTAGAGGGTATATAATGGAAGCTCGACT,62,scanmut_single_pos_15_T,71.94558782737073,-0.6896598793878495,-0.37828262859151335
reverse,scanmut_single_pos_16_A,CCTAACTGGCCGCTTCACTGGTTCTCCCATTGACGTCAATGGGGTGTCTGAAAGACGTCACAGTATGACGGCCATGGGATCTGGCAGCTGTCGTCACTGTCTGGTGCGGTACCTGAGCTCGCTAGCCTCGAGGATATCAAGATCTGGCCTCGGCGGCCAAGCTTAGACACTAGAGGGTATATAATGGAAGCTCGACT,89,scanmut_single_pos_16_A,86.16320031884412,-0.16812275880832692,-0.11811700658738085
reverse,scanmut_single_pos_16_C,CCTAACTGGCCGCTTCACTGGTTCTCCCATTGACGTCAATGGGGTGTCTGAAAGACGTCACAGTATGACGGCCATGGGATCTGGCAGCTGGCGTCACTGTCTGGTGCGGTACCTGAGCTCGCTAGCCTCGAGGATATCAAGATCTGGCCTCGGCGGCCAAGCTTAGACACTAGAGGGTATATAATGGAAGCTCGACT,78,scanmut_single_pos_16_C,87.76429667421932,-0.3584539709124763,-0.09155468535079699
reverse,scanmut_single_pos_16_G,CCTAACTGGCCGCTTCACTGGTTCTCCCATTGACGTCAATGGGGTGTCTGAAAGACGTCACAGTATGACGGCCATGGGATCTGGCAGCTGCCGTCACTGTCTGGTGCGGTACCTGAGCTCGCTAGCCTCGAGGATATCAAGATCTGGCCTCGGCGGCCAAGCTTAGACACTAGAGGGTATATAATGGAAGCTCGACT,78,scanmut_single_pos_16_G,73.39495563475192,-0.3584539709124763,-0.3495079313790832
reverse,scanmut_single_pos_17_A,CCTAACTGGCCGCTTCACTGGTTCTCCCATTGACGTCAATGGGGTGTCTGAAAGACGTCACAGTATGACGGCCATGGGATCTGGCAGCTTACGTCACTGTCTGGTGCGGTACCTGAGCTCGCTAGCCTCGAGGATATCAAGATCTGGCCTCGGCGGCCAAGCTTAGACACTAGAGGGTATATAATGGAAGCTCGACT,87,scanmut_single_pos_17_A,108.9375448668823,-0.2009126939259964,0.22024051062336916
reverse,scanmut_single_pos_17_G,CCTAACTGGCCGCTTCACTGGTTCTCCCATTGACGTCAATGGGGTGTCTGAAAGACGTCACAGTATGACGGCCATGGGATCTGGCAGCTCACGTCACTGTCTGGTGCGGTACCTGAGCTCGCTAGCCTCGAGGATATCAAGATCTGGCCTCGGCGGCCAAGCTTAGACACTAGAGGGTATATAATGGAAGCTCGACT,82,scanmut_single_pos_17_G,106.3887930564735,-0.2863041851566411,0.18608543813725364
reverse,scanmut_single_pos_17_T,CCTAACTGGCCGCTTCACTGGTTCTCCCATTGACGTCAATGGGGTGTCTGAAAGACGTCACAGTATGACGGCCATGGGATCTGGCAGCTAACGTCACTGTCTGGTGCGGTACCTGAGCTCGCTAGCCTCGAGGATATCAAGATCTGGCCTCGGCGGCCAAGCTTAGACACTAGAGGGTATATAATGGAAGCTCGACT,97,scanmut_single_pos_17_T,94.05462700836192,-0.043943347587597055,0.00831007593689555
reverse,scanmut_single_pos_18_C,CCTAACTGGCCGCTTCACTGGTTCTCCCATTGACGTCAATGGGGTGTCTGAAAGACGTCACAGTATGACGGCCATGGGATCTGGCAGCGGACGTCACTGTCTGGTGCGGTACCTGAGCTCGCTAGCCTCGAGGATATCAAGATCTGGCCTCGGCGGCCAAGCTTAGACACTAGAGGGTATATAATGGAAGCTCGACT,86,scanmut_single_pos_18_C,103.4608586964958,-0.21759143507262677,0.14582432275928334
reverse,scanmut_single_pos_18_G,CCTAACTGGCCGCTTCACTGGTTCTCCCATTGACGTCAATGGGGTGTCTGAAAGACGTCACAGTATGACGGCCATGGGATCTGGCAGCCGACGTCACTGTCTGGTGCGGTACCTGAGCTCGCTAGCCTCGAGGATATCAAGATCTGGCCTCGGCGGCCAAGCTTAGACACTAGAGGGTATATAATGGAAGCTCGACT,90,scanmut_single_pos_18_G,108.3516109437997,-0.15200309344504995,0.2124598552944267
reverse,scanmut_single_pos_18_T,CCTAACTGGCCGCTTCACTGGTTCTCCCATTGACGTCAATGGGGTGTCTGAAAGACGTCACAGTATGACGGCCATGGGATCTGGCAGCAGACGTCACTGTCTGGTGCGGTACCTGAGCTCGCTAGCCTCGAGGATATCAAGATCTGGCCTCGGCGGCCAAGCTTAGACACTAGAGGGTATATAATGGAAGCTCGACT,96,scanmut_single_pos_18_T,99.82427892995634,-0.058893689053568565,0.0942019029403681
reverse,scanmut_single_pos_19_A,CCTAACTGGCCGCTTCACTGGTTCTCCCATTGACGTCAATGGGGTGTCTGAAAGACGTCACAGTATGACGGCCATGGGATCTGGCAGTTGACGTCACTGTCTGGTGCGGTACCTGAGCTCGCTAGCCTCGAGGATATCAAGATCTGGCCTCGGCGGCCAAGCTTAGACACTAGAGGGTATATAATGGAAGCTCGACT,98,scanmut_single_pos_19_A,107.78468305331,-0.029146345659516508,0.2048914278284924
reverse,scanmut_single_pos_19_C,CCTAACTGGCCGCTTCACTGGTTCTCCCATTGACGTCAATGGGGTGTCTGAAAGACGTCACAGTATGACGGCCATGGGATCTGGCAGGTGACGTCACTGTCTGGTGCGGTACCTGAGCTCGCTAGCCTCGAGGATATCAAGATCTGGCCTCGGCGGCCAAGCTTAGACACTAGAGGGTATATAATGGAAGCTCGACT,88,scanmut_single_pos_19_C,75.90354384387432,-0.18442457113742744,-0.3010215979168061
reverse,scanmut_single_pos_19_T,CCTAACTGGCCGCTTCACTGGTTCTCCCATTGACGTCAATGGGGTGTCTGAAAGACGTCACAGTATGACGGCCATGGGATCTGGCAGATGACGTCACTGTCTGGTGCGGTACCTGAGCTCGCTAGCCTCGAGGATATCAAGATCTGGCCTCGGCGGCCAAGCTTAGACACTAGAGGGTATATAATGGAAGCTCGACT,77,scanmut_single_pos_19_T,69.03659840172536,-0.3770696490798233,-0.4378274615678439
reverse,scanmut_single_pos_20_A,CCTAACTGGCCGCTTCACTGGTTCTCCCATTGACGTCAATGGGGTGTCTGAAAGACGTCACAGTATGACGGCCATGGGATCTGGCATCTGACGTCACTGTCTGGTGCGGTACCTGAGCTCGCTAGCCTCGAGGATATCAAGATCTGGCCTCGGCGGCCAAGCTTAGACACTAGAGGGTATATAATGGAAGCTCGACT,74,scanmut_single_pos_20_A,98.64055645690516,-0.4344028241457749,0.07699209557810549
reverse,scanmut_single_pos_20_G,CCTAACTGGCCGCTTCACTGGTTCTCCCATTGACGTCAATGGGGTGTCTGAAAGACGTCACAGTATGACGGCCATGGGATCTGGCACCTGACGTCACTGTCTGGTGCGGTACCTGAGCTCGCTAGCCTCGAGGATATCAAGATCTGGCCTCGGCGGCCAAGCTTAGACACTAGAGGGTATATAATGGAAGCTCGACT,85,scanmut_single_pos_20_G,102.9663181713733,-0.23446525363702297,0.1389117394558668
reverse,scanmut_single_pos_20_T,CCTAACTGGCCGCTTCACTGGTTCTCCCATTGACGTCAATGGGGTGTCTGAAAGACGTCACAGTATGACGGCCATGGGATCTGGCAACTGACGTCACTGTCTGGTGCGGTACCTGAGCTCGCTAGCCTCGAGGATATCAAGATCTGGCCTCGGCGGCCAAGCTTAGACACTAGAGGGTATATAATGGAAGCTCGACT,104,scanmut_single_pos_20_T,97.49881124173145,0.056583528366367514,0.0601957860491541
reverse,scanmut_single_pos_21_A,CCTAACTGGCCGCTTCACTGGTTCTCCCATTGACGTCAATGGGGTGTCTGAAAGACGTCACAGTATGACGGCCATGGGATCTGGCTGCTGACGTCACTGTCTGGTGCGGTACCTGAGCTCGCTAGCCTCGAGGATATCAAGATCTGGCCTCGGCGGCCAAGCTTAGACACTAGAGGGTATATAATGGAAGCTCGACT,90,scanmut_single_pos_21_A,89.6022677780525,-0.15200309344504995,-0.06165359633634145
reverse,scanmut_single_pos_21_C,CCTAACTGGCCGCTTCACTGGTTCTCCCATTGACGTCAATGGGGTGTCTGAAAGACGTCACAGTATGACGGCCATGGGATCTGGCGGCTGACGTCACTGTCTGGTGCGGTACCTGAGCTCGCTAGCCTCGAGGATATCAAGATCTGGCCTCGGCGGCCAAGCTTAGACACTAGAGGGTATATAATGGAAGCTCGACT,106,scanmut_single_pos_21_C,90.8698159152931,0.08406426478847455,-0.04138768656594331
reverse,scanmut_single_pos_21_G,CCTAACTGGCCGCTTCACTGGTTCTCCCATTGACGTCAATGGGGTGTCTGAAAGACGTCACAGTATGACGGCCATGGGATCTGGCCGCTGACGTCACTGTCTGGTGCGGTACCTGAGCTCGCTAGCCTCGAGGATATCAAGATCTGGCCTCGGCGGCCAAGCTTAGACACTAGAGGGTATATAATGGAAGCTCGACT,71,scanmut_single_pos_21_G,87.89629733207457,-0.4941090702700427,-0.08938645027901548
reverse,scanmut_single_pos_22_A,CCTAACTGGCCGCTTCACTGGTTCTCCCATTGACGTCAATGGGGTGTCTGAAAGACGTCACAGTATGACGGCCATGGGATCTGGTAGCTGACGTCACTGTCTGGTGCGGTACCTGAGCTCGCTAGCCTCGAGGATATCAAGATCTGGCCTCGGCGGCCAAGCTTAGACACTAGAGGGTATATAATGGAAGCTCGACT,91,scanmut_single_pos_22_A,93.51441973378633,-0.13606154957602837,0.0
reverse,scanmut_single_pos_22_C,CCTAACTGGCCGCTTCACTGGTTCTCCCATTGACGTCAATGGGGTGTCTGAAAGACGTCACAGTATGACGGCCATGGGATCTGGGAGCTGACGTCACTGTCTGGTGCGGTACCTGAGCTCGCTAGCCTCGAGGATATCAAGATCTGGCCTCGGCGGCCAAGCTTAGACACTAGAGGGTATATAATGGAAGCTCGACT,102,scanmut_single_pos_22_C,98.73763173292976,0.02856915219677092,0.07841119899465103
reverse,scanmut_single_pos_22_T,CCTAACTGGCCGCTTCACTGGTTCTCCCATTGACGTCAATGGGGTGTCTGAAAGACGTCACAGTATGACGGCCATGGGATCTGGAAGCTGACGTCACTGTCTGGTGCGGTACCTGAGCTCGCTAGCCTCGAGGATATCAAGATCTGGCCTCGGCGGCCAAGCTTAGACACTAGAGGGTATATAATGGAAGCTCGACT,92,scanmut_single_pos_22_T,93.51441973378633,-0.12029423371771177,0.0
reverse,scanmut_single_pos_23_A,CCTAACTGGCCGCTTCACTGGTTCTCCCATTGACGTCAATGGGGTGTCTGAAAGACGTCACAGTATGACGGCCATGGGATCTGTCAGCTGACGTCACTGTCTGGTGCGGTACCTGAGCTCGCTAGCCTCGAGGATATCAAGATCTGGCCTCGGCGGCCAAGCTTAGACACTAGAGGGTATATAATGGAAGCTCGACT,101,scanmut_single_pos_23_A,93.66982111296797,0.014355292977070054,0.002395467156712002
reverse,scanmut_single_pos_23_G,CCTAACTGGCCGCTTCACTGGTTCTCCCATTGACGTCAATGGGGTGTCTGAAAGACGTCACAGTATGACGGCCATGGGATCTGCCAGCTGACGTCACTGTCTGGTGCGGTACCTGAGCTCGCTAGCCTCGAGGATATCAAGATCTGGCCTCGGCGGCCAAGCTTAGACACTAGAGGGTATATAATGGAAGCTCGACT,104,scanmut_single_pos_23_G,93.51441973378633,0.056583528366367514,0.0
reverse,scanmut_single_pos_23_T,CCTAACTGGCCGCTTCACTGGTTCTCCCATTGACGTCAATGGGGTGTCTGAAAGACGTCACAGTATGACGGCCATGGGATCTGACAGCTGACGTCACTGTCTGGTGCGGTACCTGAGCTCGCTAGCCTCGAGGATATCAAGATCTGGCCTCGGCGGCCAAGCTTAGACACTAGAGGGTATATAATGGAAGCTCGACT,99,scanmut_single_pos_23_T,93.64429277380772,-0.014499569695115089,0.00200222814473964
reverse,scanmut_single_pos_24_A,CCTAACTGGCCGCTTCACTGGTTCTCCCATTGACGTCAATGGGGTGTCTGAAAGACGTCACAGTATGACGGCCATGGGATCTTGCAGCTGACGTCACTGTCTGGTGCGGTACCTGAGCTCGCTAGCCTCGAGGATATCAAGATCTGGCCTCGGCGGCCAAGCTTAGACACTAGAGGGTATATAATGGAAGCTCGACT,101,scanmut_single_pos_24_A,93.51441973378633,0.014355292977070054,0.0
reverse,scanmut_single_pos_24_G,CCTAACTGGCCGCTTCACTGGTTCTCCCATTGACGTCAATGGGGTGTCTGAAAGACGTCACAGTATGACGGCCATGGGATCTCGCAGCTGACGTCACTGTCTGGTGCGGTACCTGAGCTCGCTAGCCTCGAGGATATCAAGATCTGGCCTCGGCGGCCAAGCTTAGACACTAGAGGGTATATAATGGAAGCTCGACT,97,scanmut_single_pos_24_G,93.51441973378633,-0.043943347587597055,0.0
reverse,scanmut_single_pos_24_T,CCTAACTGGCCGCTTCACTGGTTCTCCCATTGACGTCAATGGGGTGTCTGAAAGACGTCACAGTATGACGGCCATGGGATCTAGCAGCTGACGTCACTGTCTGGTGCGGTACCTGAGCTCGCTAGCCTCGAGGATATCAAGATCTGGCCTCGGCGGCCAAGCTTAGACACTAGAGGGTATATAATGGAAGCTCGACT,101,scanmut_single_pos_24_T,93.51441973378633,0.014355292977070054,0.0
reverse,scanmut_single_pos_25_C,CCTAACTGGCCGCTTCACTGGTTCTCCCATTGACGTCAATGGGGTGTCTGAAAGACGTCACAGTATGACGGCCATGGGATCGGGCAGCTGACGTCACTGTCTGGTGCGGTACCTGAGCTCGCTAGCCTCGAGGATATCAAGATCTGGCCTCGGCGGCCAAGCTTAGACACTAGAGGGTATATAATGGAAGCTCGACT,106,scanmut_single_pos_25_C,93.51441973378633,0.08406426478847455,0.0
reverse,scanmut_single_pos_25_G,CCTAACTGGCCGCTTCACTGGTTCTCCCATTGACGTCAATGGGGTGTCTGAAAGACGTCACAGTATGACGGCCATGGGATCCGGCAGCTGACGTCACTGTCTGGTGCGGTACCTGAGCTCGCTAGCCTCGAGGATATCAAGATCTGGCCTCGGCGGCCAAGCTTAGACACTAGAGGGTATATAATGGAAGCTCGACT,96,scanmut_single_pos_25_G,93.66982111296797,-0.058893689053568565,0.002395467156712002
reverse,scanmut_single_pos_25_T,CCTAACTGGCCGCTTCACTGGTTCTCCCATTGACGTCAATGGGGTGTCTGAAAGACGTCACAGTATGACGGCCATGGGATCAGGCAGCTGACGTCACTGTCTGGTGCGGTACCTGAGCTCGCTAGCCTCGAGGATATCAAGATCTGGCCTCGGCGGCCAAGCTTAGACACTAGAGGGTATATAATGGAAGCTCGACT,107,scanmut_single_pos_25_T,93.51441973378633,0.09761079662642233,0.0
reverse,scanmut_single_pos_26_A,CCTAACTGGCCGCTTCACTGGTTCTCCCATTGACGTCAATGGGGTGTCTGAAAGACGTCACAGTATGACGGCCATGGGATTTGGCAGCTGACGTCACTGTCTGGTGCGGTACCTGAGCTCGCTAGCCTCGAGGATATCAAGATCTGGCCTCGGCGGCCAAGCTTAGACACTAGAGGGTATATAATGGAAGCTCGACT,123,scanmut_single_pos_26_A,93.92928335526555,0.29865831556451516,0.006386159223190803
reverse,scanmut_single_pos_26_C,CCTAACTGGCCGCTTCACTGGTTCTCCCATTGACGTCAATGGGGTGTCTGAAAGACGTCACAGTATGACGGCCATGGGATGTGGCAGCTGACGTCACTGTCTGGTGCGGTACCTGAGCTCGCTAGCCTCGAGGATATCAAGATCTGGCCTCGGCGGCCAAGCTTAGACACTAGAGGGTATATAATGGAAGCTCGACT,106,scanmut_single_pos_26_C,93.51441973378633,0.08406426478847455,0.0
reverse,scanmut_single_pos_26_T,CCTAACTGGCCGCTTCACTGGTTCTCCCATTGACGTCAATGGGGTGTCTGAAAGACGTCACAGTATGACGGCCATGGGATATGGCAGCTGACGTCACTGTCTGGTGCGGTACCTGAGCTCGCTAGCCTCGAGGATATCAAGATCTGGCCTCGGCGGCCAAGCTTAGACACTAGAGGGTATATAATGGAAGCTCGACT,115,scanmut_single_pos_26_T,93.66982111296797,0.2016338611696504,0.002395467156712002
reverse,scanmut_single_pos_27_C,CCTAACTGGCCGCTTCACTGGTTCTCCCATTGACGTCAATGGGGTGTCTGAAAGACGTCACAGTATGACGGCCATGGGAGCTGGCAGCTGACGTCACTGTCTGGTGCGGTACCTGAGCTCGCTAGCCTCGAGGATATCAAGATCTGGCCTCGGCGGCCAAGCTTAGACACTAGAGGGTATATAATGGAAGCTCGACT,99,scanmut_single_pos_27_C,100.8609862144487,-0.014499569695115089,0.1091074891735035
reverse,scanmut_single_pos_27_G,CCTAACTGGCCGCTTCACTGGTTCTCCCATTGACGTCAATGGGGTGTCTGAAAGACGTCACAGTATGACGGCCATGGGACCTGGCAGCTGACGTCACTGTCTGGTGCGGTACCTGAGCTCGCTAGCCTCGAGGATATCAAGATCTGGCCTCGGCGGCCAAGCTTAGACACTAGAGGGTATATAATGGAAGCTCGACT,85,scanmut_single_pos_27_G,93.51441973378633,-0.23446525363702297,0.0
reverse,scanmut_single_pos_27_T,CCTAACTGGCCGCTTCACTGGTTCTCCCATTGACGTCAATGGGGTGTCTGAAAGACGTCACAGTATGACGGCCATGGGAACTGGCAGCTGACGTCACTGTCTGGTGCGGTACCTGAGCTCGCTAGCCTCGAGGATATCAAGATCTGGCCTCGGCGGCCAAGCTTAGACACTAGAGGGTATATAATGGAAGCTCGACT,102,scanmut_single_pos_27_T,93.51441973378633,0.02856915219677092,0.0
reverse,scanmut_single_pos_28_A,CCTAACTGGCCGCTTCACTGGTTCTCCCATTGACGTCAATGGGGTGTCTGAAAGACGTCACAGTATGACGGCCATGGGTTCTGGCAGCTGACGTCACTGTCTGGTGCGGTACCTGAGCTCGCTAGCCTCGAGGATATCAAGATCTGGCCTCGGCGGCCAAGCTTAGACACTAGAGGGTATATAATGGAAGCTCGACT,91,scanmut_single_pos_28_A,93.97715434093509,-0.13606154957602837,0.00712124031960007
reverse,scanmut_single_pos_28_C,CCTAACTGGCCGCTTCACTGGTTCTCCCATTGACGTCAATGGGGTGTCTGAAAGACGTCACAGTATGACGGCCATGGGGTCTGGCAGCTGACGTCACTGTCTGGTGCGGTACCTGAGCTCGCTAGCCTCGAGGATATCAAGATCTGGCCTCGGCGGCCAAGCTTAGACACTAGAGGGTATATAATGGAAGCTCGACT,87,scanmut_single_pos_28_C,94.24229969348907,-0.2009126939259964,0.011185901331816581
reverse,scanmut_single_pos_28_G,CCTAACTGGCCGCTTCACTGGTTCTCCCATTGACGTCAATGGGGTGTCTGAAAGACGTCACAGTATGACGGCCATGGGCTCTGGCAGCTGACGTCACTGTCTGGTGCGGTACCTGAGCTCGCTAGCCTCGAGGATATCAAGATCTGGCCTCGGCGGCCAAGCTTAGACACTAGAGGGTATATAATGGAAGCTCGACT,92,scanmut_single_pos_28_G,93.9406497948946,-0.12029423371771177,0.006560730064095971
reverse,scanmut_single_pos_29_A,CCTAACTGGCCGCTTCACTGGTTCTCCCATTGACGTCAATGGGGTGTCTGAAAGACGTCACAGTATGACGGCCATGGTATCTGGCAGCTGACGTCACTGTCTGGTGCGGTACCTGAGCTCGCTAGCCTCGAGGATATCAAGATCTGGCCTCGGCGGCCAAGCTTAGACACTAGAGGGTATATAATGGAAGCTCGACT,91,scanmut_single_pos_29_A,93.51441973378633,-0.13606154957602837,0.0
reverse,scanmut_single_pos_29_G,CCTAACTGGCCGCTTCACTGGTTCTCCCATTGACGTCAATGGGGTGTCTGAAAGACGTCACAGTATGACGGCCATGGCATCTGGCAGCTGACGTCACTGTCTGGTGCGGTACCTGAGCTCGCTAGCCTCGAGGATATCAAGATCTGGCCTCGGCGGCCAAGCTTAGACACTAGAGGGTATATAATGGAAGCTCGACT,93,scanmut_single_pos_29_G,110.096133594334,-0.10469737866669324,0.23550305666258625
reverse,scanmut_single_pos_29_T,CCTAACTGGCCGCTTCACTGGTTCTCCCATTGACGTCAATGGGGTGTCTGAAAGACGTCACAGTATGACGGCCATGGAATCTGGCAGCTGACGTCACTGTCTGGTGCGGTACCTGAGCTCGCTAGCCTCGAGGATATCAAGATCTGGCCTCGGCGGCCAAGCTTAGACACTAGAGGGTATATAATGGAAGCTCGACT,96,scanmut_single_pos_29_T,93.51441973378633,-0.058893689053568565,0.0
reverse,scanmut_single_pos_30_A,CCTAACTGGCCGCTTCACTGGTTCTCCCATTGACGTCAATGGGGTGTCTGAAAGACGTCACAGTATGACGGCCATGTGATCTGGCAGCTGACGTCACTGTCTGGTGCGGTACCTGAGCTCGCTAGCCTCGAGGATATCAAGATCTGGCCTCGGCGGCCAAGCTTAGACACTAGAGGGTATATAATGGAAGCTCGACT,107,scanmut_single_pos_30_A,106.3314610894862,0.09761079662642233,0.18530777315380564
reverse,scanmut_single_pos_30_G,CCTAACTGGCCGCTTCACTGGTTCTCCCATTGACGTCAATGGGGTGTCTGAAAGACGTCACAGTATGACGGCCATGCGATCTGGCAGCTGACGTCACTGTCTGGTGCGGTACCTGAGCTCGCTAGCCTCGAGGATATCAAGATCTGGCCTCGGCGGCCAAGCTTAGACACTAGAGGGTATATAATGGAAGCTCGACT,75,scanmut_single_pos_30_G,93.51441973378633,-0.4150374992788438,0.0
reverse,scanmut_single_pos_30_T,CCTAACTGGCCGCTTCACTGGTTCTCCCATTGACGTCAATGGGGTGTCTGAAAGACGTCACAGTATGACGGCCATGAGATCTGGCAGCTGACGTCACTGTCTGGTGCGGTACCTGAGCTCGCTAGCCTCGAGGATATCAAGATCTGGCCTCGGCGGCCAAGCTTAGACACTAGAGGGTATATAATGGAAGCTCGACT,88,scanmut_single_pos_30_T,93.92770617025488,-0.18442457113742744,0.006361934444551809
reverse,scanmut_single_pos_31_A,CCTAACTGGCCGCTTCACTGGTTCTCCCATTGACGTCAATGGGGTGTCTGAAAGACGTCACAGTATGACGGCCATTGGATCTGGCAGCTGACGTCACTGTCTGGTGCGGTACCTGAGCTCGCTAGCCTCGAGGATATCAAGATCTGGCCTCGGCGGCCAAGCTTAGACACTAGAGGGTATATAATGGAAGCTCGACT,89,scanmut_single_pos_31_A,93.51441973378633,-0.16812275880832692,0.0
reverse,scanmut_single_pos_31_G,CCTAACTGGCCGCTTCACTGGTTCTCCCATTGACGTCAATGGGGTGTCTGAAAGACGTCACAGTATGACGGCCATCGGATCTGGCAGCTGACGTCACTGTCTGGTGCGGTACCTGAGCTCGCTAGCCTCGAGGATATCAAGATCTGGCCTCGGCGGCCAAGCTTAGACACTAGAGGGTATATAATGGAAGCTCGACT,80,scanmut_single_pos_31_G,93.51441973378633,-0.3219280948873623,0.0
reverse,scanmut_single_pos_31_T,CCTAACTGGCCGCTTCACTGGTTCTCCCATTGACGTCAATGGGGTGTCTGAAAGACGTCACAGTATGACGGCCATAGGATCTGGCAGCTGACGTCACTGTCTGGTGCGGTACCTGAGCTCGCTAGCCTCGAGGATATCAAGATCTGGCCTCGGCGGCCAAGCTTAGACACTAGAGGGTATATAATGGAAGCTCGACT,94,scanmut_single_pos_31_T,93.51441973378633,-0.08926733809708741,0.0
reverse,scanmut_single_pos_32_C,CCTAACTGGCCGCTTCACTGGTTCTCCCATTGACGTCAATGGGGTGTCTGAAAGACGTCACAGTATGACGGCCAGGGGATCTGGCAGCTGACGTCACTGTCTGGTGCGGTACCTGAGCTCGCTAGCCTCGAGGATATCAAGATCTGGCCTCGGCGGCCAAGCTTAGACACTAGAGGGTATATAATGGAAGCTCGACT,78,scanmut_single_pos_32_C,93.91902995161205,-0.3584539709124763,0.006228664760159007
reverse,scanmut_single_pos_32_G,CCTAACTGGCCGCTTCACTGGTTCTCCCATTGACGTCAATGGGGTGTCTGAAAGACGTCACAGTATGACGGCCACGGGATCTGGCAGCTGACGTCACTGTCTGGTGCGGTACCTGAGCTCGCTAGCCTCGAGGATATCAAGATCTGGCCTCGGCGGCCAAGCTTAGACACTAGAGGGTATATAATGGAAGCTCGACT,90,scanmut_single_pos_32_G,93.84402032585116,-0.15200309344504995,0.005075977682471629
reverse,scanmut_single_pos_32_T,CCTAACTGGCCGCTTCACTGGTTCTCCCATTGACGTCAATGGGGTGTCTGAAAGACGTCACAGTATGACGGCCAAGGGATCTGGCAGCTGACGTCACTGTCTGGTGCGGTACCTGAGCTCGCTAGCCTCGAGGATATCAAGATCTGGCCTCGGCGGCCAAGCTTAGACACTAGAGGGTATATAATGGAAGCTCGACT,90,scanmut_single_pos_32_T,93.97948846621058,-0.15200309344504995,0.00715707231691215
reverse,scanmut_single_pos_33_A,CCTAACTGGCCGCTTCACTGGTTCTCCCATTGACGTCAATGGGGTGTCTGAAAGACGTCACAGTATGACGGCCTTGGGATCTGGCAGCTGACGTCACTGTCTGGTGCGGTACCTGAGCTCGCTAGCCTCGAGGATATCAAGATCTGGCCTCGGCGGCCAAGCTTAGACACTAGAGGGTATATAATGGAAGCTCGACT,82,scanmut_single_pos_33_A,94.11539272523568,-0.2863041851566411,0.009241854565194853
reverse,scanmut_single_pos_33_C,CCTAACTGGCCGCTTCACTGGTTCTCCCATTGACGTCAATGGGGTGTCTGAAAGACGTCACAGTATGACGGCCGTGGGATCTGGCAGCTGACGTCACTGTCTGGTGCGGTACCTGAGCTCGCTAGCCTCGAGGATATCAAGATCTGGCCTCGGCGGCCAAGCTTAGACACTAGAGGGTATATAATGGAAGCTCGACT,89,scanmut_single_pos_33_C,93.51441973378633,-0.16812275880832692,0.0
reverse,scanmut_single_pos_33_G,CCTAACTGGCCGCTTCACTGGTTCTCCCATTGACGTCAATGGGGTGTCTGAAAGACGTCACAGTATGACGGCCCTGGGATCTGGCAGCTGACGTCACTGTCTGGTGCGGTACCTGAGCTCGCTAGCCTCGAGGATATCAAGATCTGGCCTCGGCGGCCAAGCTTAGACACTAGAGGGTATATAATGGAAGCTCGACT,84,scanmut_single_pos_33_G,93.58249063403191,-0.25153876699596445,0.001049782750054358
reverse,scanmut_single_pos_34_A,CCTAACTGGCCGCTTCACTGGTTCTCCCATTGACGTCAATGGGGTGTCTGAAAGACGTCACAGTATGACGGCTATGGGATCTGGCAGCTGACGTCACTGTCTGGTGCGGTACCTGAGCTCGCTAGCCTCGAGGATATCAAGATCTGGCCTCGGCGGCCAAGCTTAGACACTAGAGGGTATATAATGGAAGCTCGACT,102,scanmut_single_pos_34_A,95.75382552532196,0.02856915219677092,0.034141283464765505
reverse,scanmut_single_pos_34_C,CCTAACTGGCCGCTTCACTGGTTCTCCCATTGACGTCAATGGGGTGTCTGAAAGACGTCACAGTATGACGGCGATGGGATCTGGCAGCTGACGTCACTGTCTGGTGCGGTACCTGAGCTCGCTAGCCTCGAGGATATCAAGATCTGGCCTCGGCGGCCAAGCTTAGACACTAGAGGGTATATAATGGAAGCTCGACT,95,scanmut_single_pos_34_C,95.60494028415584,-0.07400058144377693,0.03189632707067943
reverse,scanmut_single_pos_34_T,CCTAACTGGCCGCTTCACTGGTTCTCCCATTGACGTCAATGGGGTGTCTGAAAGACGTCACAGTATGACGGCAATGGGATCTGGCAGCTGACGTCACTGTCTGGTGCGGTACCTGAGCTCGCTAGCCTCGAGGATATCAAGATCTGGCCTCGGCGGCCAAGCTTAGACACTAGAGGGTATATAATGGAAGCTCGACT,122,scanmut_single_pos_34_T,100.7032573264931,0.28688114778816154,0.10684960129708031
reverse,scanmut_single_pos_35_A,CCTAACTGGCCGCTTCACTGGTTCTCCCATTGACGTCAATGGGGTGTCTGAAAGACGTCACAGTATGACGGTCATGGGATCTGGCAGCTGACGTCACTGTCTGGTGCGGTACCTGAGCTCGCTAGCCTCGAGGATATCAAGATCTGGCCTCGGCGGCCAAGCTTAGACACTAGAGGGTATATAATGGAAGCTCGACT,134,scanmut_single_pos_35_A,88.69214842531,0.4222330006830478,-0.076382448864286
reverse,scanmut_single_pos_35_C,CCTAACTGGCCGCTTCACTGGTTCTCCCATTGACGTCAATGGGGTGTCTGAAAGACGTCACAGTATGACGGGCATGGGATCTGGCAGCTGACGTCACTGTCTGGTGCGGTACCTGAGCTCGCTAGCCTCGAGGATATCAAGATCTGGCCTCGGCGGCCAAGCTTAGACACTAGAGGGTATATAATGGAAGCTCGACT,99,scanmut_single_pos_35_C,91.69470316399682,-0.014499569695115089,-0.028350445292633364
reverse,scanmut_single_pos_35_T,CCTAACTGGCCGCTTCACTGGTTCTCCCATTGACGTCAATGGGGTGTCTGAAAGACGTCACAGTATGACGGACATGGGATCTGGCAGCTGACGTCACTGTCTGGTGCGGTACCTGAGCTCGCTAGCCTCGAGGATATCAAGATCTGGCCTCGGCGGCCAAGCTTAGACACTAGAGGGTATATAATGGAAGCTCGACT,94,scanmut_single_pos_35_T,95.80512583921131,-0.08926733809708741,0.03491400339966117
reverse,scanmut_single_pos_36_A,CCTAACTGGCCGCTTCACTGGTTCTCCCATTGACGTCAATGGGGTGTCTGAAAGACGTCACAGTATGACGTCCATGGGATCTGGCAGCTGACGTCACTGTCTGGTGCGGTACCTGAGCTCGCTAGCCTCGAGGATATCAAGATCTGGCCTCGGCGGCCAAGCTTAGACACTAGAGGGTATATAATGGAAGCTCGACT,109,scanmut_single_pos_36_A,151.1618795424879,0.12432813500220177,0.6928336143366156
reverse,scanmut_single_pos_36_G,CCTAACTGGCCGCTTCACTGGTTCTCCCATTGACGTCAATGGGGTGTCTGAAAGACGTCACAGTATGACGCCCATGGGATCTGGCAGCTGACGTCACTGTCTGGTGCGGTACCTGAGCTCGCTAGCCTCGAGGATATCAAGATCTGGCCTCGGCGGCCAAGCTTAGACACTAGAGGGTATATAATGGAAGCTCGACT,110,scanmut_single_pos_36_G,102.1279755576129,0.13750352374993502,0.12711736482311
reverse,scanmut_single_pos_36_T,CCTAACTGGCCGCTTCACTGGTTCTCCCATTGACGTCAATGGGGTGTCTGAAAGACGTCACAGTATGACGACCATGGGATCTGGCAGCTGACGTCACTGTCTGGTGCGGTACCTGAGCTCGCTAGCCTCGAGGATATCAAGATCTGGCCTCGGCGGCCAAGCTTAGACACTAGAGGGTATATAATGGAAGCTCGACT,103,scanmut_single_pos_36_T,97.85525788775452,0.04264433740849372,0.06546052797678027
reverse,scanmut_single_pos_37_A,CCTAACTGGCCGCTTCACTGGTTCTCCCATTGACGTCAATGGGGTGTCTGAAAGACGTCACAGTATGACTGCCATGGGATCTGGCAGCTGACGTCACTGTCTGGTGCGGTACCTGAGCTCGCTAGCCTCGAGGATATCAAGATCTGGCCTCGGCGGCCAAGCTTAGACACTAGAGGGTATATAATGGAAGCTCGACT,72,scanmut_single_pos_37_A,65.17887424078448,-0.4739311883324124,-0.5207844085107579
reverse,scanmut_single_pos_37_G,CCTAACTGGCCGCTTCACTGGTTCTCCCATTGACGTCAATGGGGTGTCTGAAAGACGTCACAGTATGACCGCCATGGGATCTGGCAGCTGACGTCACTGTCTGGTGCGGTACCTGAGCTCGCTAGCCTCGAGGATATCAAGATCTGGCCTCGGCGGCCAAGCTTAGACACTAGAGGGTATATAATGGAAGCTCGACT,68,scanmut_single_pos_37_G,65.17887424078448,-0.5563933485243852,-0.5207844085107579
reverse,scanmut_single_pos_37_T,CCTAACTGGCCGCTTCACTGGTTCTCCCATTGACGTCAATGGGGTGTCTGAAAGACGTCACAGTATGACAGCCATGGGATCTGGCAGCTGACGTCACTGTCTGGTGCGGTACCTGAGCTCGCTAGCCTCGAGGATATCAAGATCTGGCCTCGGCGGCCAAGCTTAGACACTAGAGGGTATATAATGGAAGCTCGACT,66,scanmut_single_pos_37_T,78.98409807583252,-0.5994620704162712,-0.24362661908672587
reverse,scanmut_single_pos_38_A,CCTAACTGGCCGCTTCACTGGTTCTCCCATTGACGTCAATGGGGTGTCTGAAAGACGTCACAGTATGATGGCCATGGGATCTGGCAGCTGACGTCACTGTCTGGTGCGGTACCTGAGCTCGCTAGCCTCGAGGATATCAAGATCTGGCCTCGGCGGCCAAGCTTAGACACTAGAGGGTATATAATGGAAGCTCGACT,69,scanmut_single_pos_38_A,78.99624135338522,-0.5353317329965558,-0.24340483140854755
reverse,scanmut_single_pos_38_C,CCTAACTGGCCGCTTCACTGGTTCTCCCATTGACGTCAATGGGGTGTCTGAAAGACGTCACAGTATGAGGGCCATGGGATCTGGCAGCTGACGTCACTGTCTGGTGCGGTACCTGAGCTCGCTAGCCTCGAGGATATCAAGATCTGGCCTCGGCGGCCAAGCTTAGACACTAGAGGGTATATAATGGAAGCTCGACT,76,scanmut_single_pos_38_C,72.02792828278442,-0.3959286763311392,-0.37663243371052274
reverse,scanmut_single_pos_38_T,CCTAACTGGCCGCTTCACTGGTTCTCCCATTGACGTCAATGGGGTGTCTGAAAGACGTCACAGTATGAAGGCCATGGGATCTGGCAGCTGACGTCACTGTCTGGTGCGGTACCTGAGCTCGCTAGCCTCGAGGATATCAAGATCTGGCCTCGGCGGCCAAGCTTAGACACTAGAGGGTATATAATGGAAGCTCGACT,61,scanmut_single_pos_38_T,71.59168276720352,-0.7131188522118385,-0.38539685206483926
reverse,scanmut_single_pos_39_A,CCTAACTGGCCGCTTCACTGGTTCTCCCATTGACGTCAATGGGGTGTCTGAAAGACGTCACAGTATGTCGGCCATGGGATCTGGCAGCTGACGTCACTGTCTGGTGCGGTACCTGAGCTCGCTAGCCTCGAGGATATCAAGATCTGGCCTCGGCGGCCAAGCTTAGACACTAGAGGGTATATAATGGAAGCTCGACT,64,scanmut_single_pos_39_A,65.63886005561187,-0.6438561897747247,-0.5106386588920951
reverse,scanmut_single_pos_39_C,CCTAACTGGCCGCTTCACTGGTTCTCCCATTGACGTCAATGGGGTGTCTGAAAGACGTCACAGTATGGCGGCCATGGGATCTGGCAGCTGACGTCACTGTCTGGTGCGGTACCTGAGCTCGCTAGCCTCGAGGATATCAAGATCTGGCCTCGGCGGCCAAGCTTAGACACTAGAGGGTATATAATGGAAGCTCGACT,62,scanmut_single_pos_39_C,79.20774338730558,-0.6896598793878495,-0.2395473670373198
reverse,scanmut_single_pos_39_G,CCTAACTGGCCGCTTCACTGGTTCTCCCATTGACGTCAATGGGGTGTCTGAAAGACGTCACAGTATGCCGGCCATGGGATCTGGCAGCTGACGTCACTGTCTGGTGCGGTACCTGAGCTCGCTAGCCTCGAGGATATCAAGATCTGGCCTCGGCGGCCAAGCTTAGACACTAGAGGGTATATAATGGAAGCTCGACT,63,scanmut_single_pos_39_G,65.17887424078448,-0.6665762662748083,-0.5207844085107579
reverse,scanmut_single_pos_40_A,CCTAACTGGCCGCTTCACTGGTTCTCCCATTGACGTCAATGGGGTGTCTGAAAGACGTCACAGTATTACGGCCATGGGATCTGGCAGCTGACGTCACTGTCTGGTGCGGTACCTGAGCTCGCTAGCCTCGAGGATATCAAGATCTGGCCTCGGCGGCCAAGCTTAGACACTAGAGGGTATATAATGGAAGCTCGACT,75,scanmut_single_pos_40_A,86.2499243216419,-0.4150374992788438,-0.11666565188830917
reverse,scanmut_single_pos_40_G,CCTAACTGGCCGCTTCACTGGTTCTCCCATTGACGTCAATGGGGTGTCTGAAAGACGTCACAGTATCACGGCCATGGGATCTGGCAGCTGACGTCACTGTCTGGTGCGGTACCTGAGCTCGCTAGCCTCGAGGATATCAAGATCTGGCCTCGGCGGCCAAGCTTAGACACTAGAGGGTATATAATGGAAGCTCGACT,59,scanmut_single_pos_40_G,78.42841996561249,-0.7612131404128835,-0.25381230690809414
reverse,scanmut_single_pos_40_T,CCTAACTGGCCGCTTCACTGGTTCTCCCATTGACGTCAATGGGGTGTCTGAAAGACGTCACAGTATAACGGCCATGGGATCTGGCAGCTGACGTCACTGTCTGGTGCGGTACCTGAGCTCGCTAGCCTCGAGGATATCAAGATCTGGCCTCGGCGGCCAAGCTTAGACACTAGAGGGTATATAATGGAAGCTCGACT,59,scanmut_single_pos_40_T,65.22204485318501,-0.7612131404128835,-0.5198291693739402
reverse,scanmut_single_pos_41_C,CCTAACTGGCCGCTTCACTGGTTCTCCCATTGACGTCAATGGGGTGTCTGAAAGACGTCACAGTAGGACGGCCATGGGATCTGGCAGCTGACGTCACTGTCTGGTGCGGTACCTGAGCTCGCTAGCCTCGAGGATATCAAGATCTGGCCTCGGCGGCCAAGCTTAGACACTAGAGGGTATATAATGGAAGCTCGACT,73,scanmut_single_pos_41_C,71.47509133569456,-0.4540316308947075,-0.3877482843710468
reverse,scanmut_single_pos_41_G,CCTAACTGGCCGCTTCACTGGTTCTCCCATTGACGTCAATGGGGTGTCTGAAAGACGTCACAGTACGACGGCCATGGGATCTGGCAGCTGACGTCACTGTCTGGTGCGGTACCTGAGCTCGCTAGCCTCGAGGATATCAAGATCTGGCCTCGGCGGCCAAGCTTAGACACTAGAGGGTATATAATGGAAGCTCGACT,65,scanmut_single_pos_41_G,78.89753022960011,-0.6214883767462701,-0.24520870328887467
reverse,scanmut_single_pos_41_T,CCTAACTGGCCGCTTCACTGGTTCTCCCATTGACGTCAATGGGGTGTCTGAAAGACGTCACAGTAAGACGGCCATGGGATCTGGCAGCTGACGTCACTGTCTGGTGCGGTACCTGAGCTCGCTAGCCTCGAGGATATCAAGATCTGGCCTCGGCGGCCAAGCTTAGACACTAGAGGGTATATAATGGAAGCTCGACT,66,scanmut_single_pos_41_T,71.40297212479351,-0.5994620704162712,-0.3892047155996929
reverse,scanmut_single_pos_42_A,CCTAACTGGCCGCTTCACTGGTTCTCCCATTGACGTCAATGGGGTGTCTGAAAGACGTCACAGTTTGACGGCCATGGGATCTGGCAGCTGACGTCACTGTCTGGTGCGGTACCTGAGCTCGCTAGCCTCGAGGATATCAAGATCTGGCCTCGGCGGCCAAGCTTAGACACTAGAGGGTATATAATGGAAGCTCGACT,66,scanmut_single_pos_42_A,84.46714307482885,-0.5994620704162712,-0.14679858710360552
reverse,scanmut_single_pos_42_C,CCTAACTGGCCGCTTCACTGGTTCTCCCATTGACGTCAATGGGGTGTCTGAAAGACGTCACAGTGTGACGGCCATGGGATCTGGCAGCTGACGTCACTGTCTGGTGCGGTACCTGAGCTCGCTAGCCTCGAGGATATCAAGATCTGGCCTCGGCGGCCAAGCTTAGACACTAGAGGGTATATAATGGAAGCTCGACT,96,scanmut_single_pos_42_C,92.26931264613305,-0.058893689053568565,-0.01933793333366215
reverse,scanmut_single_pos_42_G,CCTAACTGGCCGCTTCACTGGTTCTCCCATTGACGTCAATGGGGTGTCTGAAAGACGTCACAGTCTGACGGCCATGGGATCTGGCAGCTGACGTCACTGTCTGGTGCGGTACCTGAGCTCGCTAGCCTCGAGGATATCAAGATCTGGCCTCGGCGGCCAAGCTTAGACACTAGAGGGTATATAATGGAAGCTCGACT,95,scanmut_single_pos_42_G,86.82582405944908,-0.07400058144377693,-0.10706464458458283
reverse,scanmut_single_pos_43_C,CCTAACTGGCCGCTTCACTGGTTCTCCCATTGACGTCAATGGGGTGTCTGAAAGACGTCACAGGATGACGGCCATGGGATCTGGCAGCTGACGTCACTGTCTGGTGCGGTACCTGAGCTCGCTAGCCTCGAGGATATCAAGATCTGGCCTCGGCGGCCAAGCTTAGACACTAGAGGGTATATAATGGAAGCTCGACT,108,scanmut_single_pos_43_C,93.16622051734794,0.11103131238874395,-0.005381874249831792
reverse,scanmut_single_pos_43_G,CCTAACTGGCCGCTTCACTGGTTCTCCCATTGACGTCAATGGGGTGTCTGAAAGACGTCACAGCATGACGGCCATGGGATCTGGCAGCTGACGTCACTGTCTGGTGCGGTACCTGAGCTCGCTAGCCTCGAGGATATCAAGATCTGGCCTCGGCGGCCAAGCTTAGACACTAGAGGGTATATAATGGAAGCTCGACT,102,scanmut_single_pos_43_G,92.9348182796992,0.02856915219677092,-0.0089696353382816
reverse,scanmut_single_pos_43_T,CCTAACTGGCCGCTTCACTGGTTCTCCCATTGACGTCAATGGGGTGTCTGAAAGACGTCACAGAATGACGGCCATGGGATCTGGCAGCTGACGTCACTGTCTGGTGCGGTACCTGAGCTCGCTAGCCTCGAGGATATCAAGATCTGGCCTCGGCGGCCAAGCTTAGACACTAGAGGGTATATAATGGAAGCTCGACT,102,scanmut_single_pos_43_T,92.8893130044118,0.02856915219677092,-0.009676219955145322
reverse,scanmut_single_pos_44_A,CCTAACTGGCCGCTTCACTGGTTCTCCCATTGACGTCAATGGGGTGTCTGAAAGACGTCACATTATGACGGCCATGGGATCTGGCAGCTGACGTCACTGTCTGGTGCGGTACCTGAGCTCGCTAGCCTCGAGGATATCAAGATCTGGCCTCGGCGGCCAAGCTTAGACACTAGAGGGTATATAATGGAAGCTCGACT,100,scanmut_single_pos_44_A,107.1897304823257,0.0,0.19690594433729725
reverse,scanmut_single_pos_44_G,CCTAACTGGCCGCTTCACTGGTTCTCCCATTGACGTCAATGGGGTGTCTGAAAGACGTCACACTATGACGGCCATGGGATCTGGCAGCTGACGTCACTGTCTGGTGCGGTACCTGAGCTCGCTAGCCTCGAGGATATCAAGATCTGGCCTCGGCGGCCAAGCTTAGACACTAGAGGGTATATAATGGAAGCTCGACT,98,scanmut_single_pos_44_G,95.0227058010724,-0.029146345659516508,0.023083445721551382
reverse,scanmut_single_pos_44_T,CCTAACTGGCCGCTTCACTGGTTCTCCCATTGACGTCAATGGGGTGTCTGAAAGACGTCACAATATGACGGCCATGGGATCTGGCAGCTGACGTCACTGTCTGGTGCGGTACCTGAGCTCGCTAGCCTCGAGGATATCAAGATCTGGCCTCGGCGGCCAAGCTTAGACACTAGAGGGTATATAATGGAAGCTCGACT,86,scanmut_single_pos_44_T,94.37377474593175,-0.21759143507262677,0.013197166145208007
reverse,scanmut_single_pos_45_A,CCTAACTGGCCGCTTCACTGGTTCTCCCATTGACGTCAATGGGGTGTCTGAAAGACGTCACTGTATGACGGCCATGGGATCTGGCAGCTGACGTCACTGTCTGGTGCGGTACCTGAGCTCGCTAGCCTCGAGGATATCAAGATCTGGCCTCGGCGGCCAAGCTTAGACACTAGAGGGTATATAATGGAAGCTCGACT,114,scanmut_single_pos_45_A,91.44980257135975,0.18903382439001687,-0.03220878742174641
reverse,scanmut_single_pos_45_C,CCTAACTGGCCGCTTCACTGGTTCTCCCATTGACGTCAATGGGGTGTCTGAAAGACGTCACGGTATGACGGCCATGGGATCTGGCAGCTGACGTCACTGTCTGGTGCGGTACCTGAGCTCGCTAGCCTCGAGGATATCAAGATCTGGCCTCGGCGGCCAAGCTTAGACACTAGAGGGTATATAATGGAAGCTCGACT,99,scanmut_single_pos_45_C,102.3866926506713,-0.014499569695115089,0.13076747040744427
reverse,scanmut_single_pos_45_G,CCTAACTGGCCGCTTCACTGGTTCTCCCATTGACGTCAATGGGGTGTCTGAAAGACGTCACCGTATGACGGCCATGGGATCTGGCAGCTGACGTCACTGTCTGGTGCGGTACCTGAGCTCGCTAGCCTCGAGGATATCAAGATCTGGCCTCGGCGGCCAAGCTTAGACACTAGAGGGTATATAATGGAAGCTCGACT,117,scanmut_single_pos_45_G,89.96143417599563,0.22650852980867975,-0.055882181884873657
reverse,scanmut_single_pos_46_A,CCTAACTGGCCGCTTCACTGGTTCTCCCATTGACGTCAATGGGGTGTCTGAAAGACGTCATAGTATGACGGCCATGGGATCTGGCAGCTGACGTCACTGTCTGGTGCGGTACCTGAGCTCGCTAGCCTCGAGGATATCAAGATCTGGCCTCGGCGGCCAAGCTTAGACACTAGAGGGTATATAATGGAAGCTCGACT,78,scanmut_single_pos_46_A,93.15484638178684,-0.3584539709124763,-0.0055580154587877755
reverse,scanmut_single_pos_46_C,CCTAACTGGCCGCTTCACTGGTTCTCCCATTGACGTCAATGGGGTGTCTGAAAGACGTCAGAGTATGACGGCCATGGGATCTGGCAGCTGACGTCACTGTCTGGTGCGGTACCTGAGCTCGCTAGCCTCGAGGATATCAAGATCTGGCCTCGGCGGCCAAGCTTAGACACTAGAGGGTATATAATGGAAGCTCGACT,120,scanmut_single_pos_46_C,99.71550618023892,0.2630344058337938,0.0926290244083178
reverse,scanmut_single_pos_46_T,CCTAACTGGCCGCTTCACTGGTTCTCCCATTGACGTCAATGGGGTGTCTGAAAGACGTCAAAGTATGACGGCCATGGGATCTGGCAGCTGACGTCACTGTCTGGTGCGGTACCTGAGCTCGCTAGCCTCGAGGATATCAAGATCTGGCCTCGGCGGCCAAGCTTAGACACTAGAGGGTATATAATGGAAGCTCGACT,97,scanmut_single_pos_46_T,103.3687945191712,-0.043943347587597055,0.1445399755800782
reverse,scanmut_single_pos_47_A,CCTAACTGGCCGCTTCACTGGTTCTCCCATTGACGTCAATGGGGTGTCTGAAAGACGTCTCAGTATGACGGCCATGGGATCTGGCAGCTGACGTCACTGTCTGGTGCGGTACCTGAGCTCGCTAGCCTCGAGGATATCAAGATCTGGCCTCGGCGGCCAAGCTTAGACACTAGAGGGTATATAATGGAAGCTCGACT,75,scanmut_single_pos_47_A,68.66814395155188,-0.4150374992788438,-0.44554787362523657
reverse,scanmut_single_pos_47_C,CCTAACTGGCCGCTTCACTGGTTCTCCCATTGACGTCAATGGGGTGTCTGAAAGACGTCGCAGTATGACGGCCATGGGATCTGGCAGCTGACGTCACTGTCTGGTGCGGTACCTGAGCTCGCTAGCCTCGAGGATATCAAGATCTGGCCTCGGCGGCCAAGCTTAGACACTAGAGGGTATATAATGGAAGCTCGACT,69,scanmut_single_pos_47_C,77.95438874843362,-0.5353317329965558,-0.26255859540951704
reverse,scanmut_single_pos_47_G,CCTAACTGGCCGCTTCACTGGTTCTCCCATTGACGTCAATGGGGTGTCTGAAAGACGTCCCAGTATGACGGCCATGGGATCTGGCAGCTGACGTCACTGTCTGGTGCGGTACCTGAGCTCGCTAGCCTCGAGGATATCAAGATCTGGCCTCGGCGGCCAAGCTTAGACACTAGAGGGTATATAATGGAAGCTCGACT,65,scanmut_single_pos_47_G,62.72938504934983,-0.6214883767462701,-0.5760474231564
reverse,scanmut_single_pos_48_A,CCTAACTGGCCGCTTCACTGGTTCTCCCATTGACGTCAATGGGGTGTCTGAAAGACGTTACAGTATGACGGCCATGGGATCTGGCAGCTGACGTCACTGTCTGGTGCGGTACCTGAGCTCGCTAGCCTCGAGGATATCAAGATCTGGCCTCGGCGGCCAAGCTTAGACACTAGAGGGTATATAATGGAAGCTCGACT,60,scanmut_single_pos_48_A,45.17837045877955,-0.7369655941662062,-1.0495566077819394
reverse,scanmut_single_pos_48_C,CCTAACTGGCCGCTTCACTGGTTCTCCCATTGACGTCAATGGGGTGTCTGAAAGACGTGACAGTATGACGGCCATGGGATCTGGCAGCTGACGTCACTGTCTGGTGCGGTACCTGAGCTCGCTAGCCTCGAGGATATCAAGATCTGGCCTCGGCGGCCAAGCTTAGACACTAGAGGGTATATAATGGAAGCTCGACT,64,scanmut_single_pos_48_C,89.14429930225035,-0.6438561897747247,-0.06904630105165535
reverse,scanmut_single_pos_48_T,CCTAACTGGCCGCTTCACTGGTTCTCCCATTGACGTCAATGGGGTGTCTGAAAGACGTAACAGTATGACGGCCATGGGATCTGGCAGCTGACGTCACTGTCTGGTGCGGTACCTGAGCTCGCTAGCCTCGAGGATATCAAGATCTGGCCTCGGCGGCCAAGCTTAGACACTAGAGGGTATATAATGGAAGCTCGACT,79,scanmut_single_pos_48_T,96.32927268117936,-0.3400754415976217,0.042785430185319856
reverse,scanmut_single_pos_49_C,CCTAACTGGCCGCTTCACTGGTTCTCCCATTGACGTCAATGGGGTGTCTGAAAGACGGCACAGTATGACGGCCATGGGATCTGGCAGCTGACGTCACTGTCTGGTGCGGTACCTGAGCTCGCTAGCCTCGAGGATATCAAGATCTGGCCTCGGCGGCCAAGCTTAGACACTAGAGGGTATATAATGGAAGCTCGACT,49,scanmut_single_pos_49_C,55.68393136024661,-1.0291463456595165,-0.7479277718141958
reverse,scanmut_single_pos_49_G,CCTAACTGGCCGCTTCACTGGTTCTCCCATTGACGTCAATGGGGTGTCTGAAAGACGCCACAGTATGACGGCCATGGGATCTGGCAGCTGACGTCACTGTCTGGTGCGGTACCTGAGCTCGCTAGCCTCGAGGATATCAAGATCTGGCCTCGGCGGCCAAGCTTAGACACTAGAGGGTATATAATGGAAGCTCGACT,79,scanmut_single_pos_49_G,64.48492561604606,-0.3400754415976217,-0.5362268959203175
reverse,scanmut_single_pos_49_T,CCTAACTGGCCGCTTCACTGGTTCTCCCATTGACGTCAATGGGGTGTCTGAAAGACGACACAGTATGACGGCCATGGGATCTGGCAGCTGACGTCACTGTCTGGTGCGGTACCTGAGCTCGCTAGCCTCGAGGATATCAAGATCTGGCCTCGGCGGCCAAGCTTAGACACTAGAGGGTATATAATGGAAGCTCGACT,62,scanmut_single_pos_49_T,60.20782099416392,-0.6896598793878495,-0.6352379376005353
reverse,scanmut_single_pos_50_A,CCTAACTGGCCGCTTCACTGGTTCTCCCATTGACGTCAATGGGGTGTCTGAAAGACTTCACAGTATGACGGCCATGGGATCTGGCAGCTGACGTCACTGTCTGGTGCGGTACCTGAGCTCGCTAGCCTCGAGGATATCAAGATCTGGCCTCGGCGGCCAAGCTTAGACACTAGAGGGTATATAATGGAAGCTCGACT,49,scanmut_single_pos_50_A,58.56841702307374,-1.0291463456595165,-0.6750659407364051
reverse,scanmut_single_pos_50_G,CCTAACTGGCCGCTTCACTGGTTCTCCCATTGACGTCAATGGGGTGTCTGAAAGACCTCACAGTATGACGGCCATGGGATCTGGCAGCTGACGTCACTGTCTGGTGCGGTACCTGAGCTCGCTAGCCTCGAGGATATCAAGATCTGGCCTCGGCGGCCAAGCTTAGACACTAGAGGGTATATAATGGAAGCTCGACT,58,scanmut_single_pos_50_G,50.31523379867833,-0.7858751946471527,-0.8941935760033739
reverse,scanmut_single_pos_50_T,CCTAACTGGCCGCTTCACTGGTTCTCCCATTGACGTCAATGGGGTGTCTGAAAGACATCACAGTATGACGGCCATGGGATCTGGCAGCTGACGTCACTGTCTGGTGCGGTACCTGAGCTCGCTAGCCTCGAGGATATCAAGATCTGGCCTCGGCGGCCAAGCTTAGACACTAGAGGGTATATAATGGAAGCTCGACT,63,scanmut_single_pos_50_T,64.37988891328786,-0.6665762662748083,-0.5385787553366055
reverse,scanmut_single_pos_51_A,CCTAACTGGCCGCTTCACTGGTTCTCCCATTGACGTCAATGGGGTGTCTGAAAGATGTCACAGTATGACGGCCATGGGATCTGGCAGCTGACGTCACTGTCTGGTGCGGTACCTGAGCTCGCTAGCCTCGAGGATATCAAGATCTGGCCTCGGCGGCCAAGCTTAGACACTAGAGGGTATATAATGGAAGCTCGACT,65,scanmut_single_pos_51_A,63.68142083191604,-0.6214883767462701,-0.5543163177823616
reverse,scanmut_single_pos_51_C,CCTAACTGGCCGCTTCACTGGTTCTCCCATTGACGTCAATGGGGTGTCTGAAAGAGGTCACAGTATGACGGCCATGGGATCTGGCAGCTGACGTCACTGTCTGGTGCGGTACCTGAGCTCGCTAGCCTCGAGGATATCAAGATCTGGCCTCGGCGGCCAAGCTTAGACACTAGAGGGTATATAATGGAAGCTCGACT,64,scanmut_single_pos_51_C,60.05121121352643,-0.6438561897747247,-0.6389954978844886
reverse,scanmut_single_pos_51_T,CCTAACTGGCCGCTTCACTGGTTCTCCCATTGACGTCAATGGGGTGTCTGAAAGAAGTCACAGTATGACGGCCATGGGATCTGGCAGCTGACGTCACTGTCTGGTGCGGTACCTGAGCTCGCTAGCCTCGAGGATATCAAGATCTGGCCTCGGCGGCCAAGCTTAGACACTAGAGGGTATATAATGGAAGCTCGACT,50,scanmut_single_pos_51_T,60.20799142554557,-1.0,-0.6352338537430386
reverse,scanmut_single_pos_52_A,CCTAACTGGCCGCTTCACTGGTTCTCCCATTGACGTCAATGGGGTGTCTGAAAGTCGTCACAGTATGACGGCCATGGGATCTGGCAGCTGACGTCACTGTCTGGTGCGGTACCTGAGCTCGCTAGCCTCGAGGATATCAAGATCTGGCCTCGGCGGCCAAGCTTAGACACTAGAGGGTATATAATGGAAGCTCGACT,84,scanmut_single_pos_52_A,69.15899922358165,-0.25153876699596445,-0.4352718504209855
reverse,scanmut_single_pos_52_C,CCTAACTGGCCGCTTCACTGGTTCTCCCATTGACGTCAATGGGGTGTCTGAAAGGCGTCACAGTATGACGGCCATGGGATCTGGCAGCTGACGTCACTGTCTGGTGCGGTACCTGAGCTCGCTAGCCTCGAGGATATCAAGATCTGGCCTCGGCGGCCAAGCTTAGACACTAGAGGGTATATAATGGAAGCTCGACT,101,scanmut_single_pos_52_C,73.18540927636815,0.014355292977070054,-0.3536327907789189
reverse,scanmut_single_pos_52_G,CCTAACTGGCCGCTTCACTGGTTCTCCCATTGACGTCAATGGGGTGTCTGAAAGCCGTCACAGTATGACGGCCATGGGATCTGGCAGCTGACGTCACTGTCTGGTGCGGTACCTGAGCTCGCTAGCCTCGAGGATATCAAGATCTGGCCTCGGCGGCCAAGCTTAGACACTAGAGGGTATATAATGGAAGCTCGACT,82,scanmut_single_pos_52_G,64.815744297425,-0.2863041851566411,-0.5288445441847467
reverse,scanmut_single_pos_53_A,CCTAACTGGCCGCTTCACTGGTTCTCCCATTGACGTCAATGGGGTGTCTGAAATACGTCACAGTATGACGGCCATGGGATCTGGCAGCTGACGTCACTGTCTGGTGCGGTACCTGAGCTCGCTAGCCTCGAGGATATCAAGATCTGGCCTCGGCGGCCAAGCTTAGACACTAGAGGGTATATAATGGAAGCTCGACT,92,scanmut_single_pos_53_A,98.75967408744869,-0.12029423371771177,0.07873323271104955
reverse,scanmut_single_pos_53_G,CCTAACTGGCCGCTTCACTGGTTCTCCCATTGACGTCAATGGGGTGTCTGAAACACGTCACAGTATGACGGCCATGGGATCTGGCAGCTGACGTCACTGTCTGGTGCGGTACCTGAGCTCGCTAGCCTCGAGGATATCAAGATCTGGCCTCGGCGGCCAAGCTTAGACACTAGAGGGTATATAATGGAAGCTCGACT,93,scanmut_single_pos_53_G,92.89291646891704,-0.10469737866669324,-0.009620254426180605
reverse,scanmut_single_pos_53_T,CCTAACTGGCCGCTTCACTGGTTCTCCCATTGACGTCAATGGGGTGTCTGAAAAACGTCACAGTATGACGGCCATGGGATCTGGCAGCTGACGTCACTGTCTGGTGCGGTACCTGAGCTCGCTAGCCTCGAGGATATCAAGATCTGGCCTCGGCGGCCAAGCTTAGACACTAGAGGGTATATAATGGAAGCTCGACT,77,scanmut_single_pos_53_T,89.63248357664305,-0.3770696490798233,-0.0611671707646642
reverse,scanmut_single_pos_54_A,CCTAACTGGCCGCTTCACTGGTTCTCCCATTGACGTCAATGGGGTGTCTGAATGACGTCACAGTATGACGGCCATGGGATCTGGCAGCTGACGTCACTGTCTGGTGCGGTACCTGAGCTCGCTAGCCTCGAGGATATCAAGATCTGGCCTCGGCGGCCAAGCTTAGACACTAGAGGGTATATAATGGAAGCTCGACT,54,scanmut_single_pos_54_A,71.35591401984098,-0.888968687611256,-0.3901558367374525
reverse,scanmut_single_pos_54_C,CCTAACTGGCCGCTTCACTGGTTCTCCCATTGACGTCAATGGGGTGTCTGAAGGACGTCACAGTATGACGGCCATGGGATCTGGCAGCTGACGTCACTGTCTGGTGCGGTACCTGAGCTCGCTAGCCTCGAGGATATCAAGATCTGGCCTCGGCGGCCAAGCTTAGACACTAGAGGGTATATAATGGAAGCTCGACT,78,scanmut_single_pos_54_C,93.44610491957522,-0.3584539709124763,-0.0010543129171320885
reverse,scanmut_single_pos_54_G,CCTAACTGGCCGCTTCACTGGTTCTCCCATTGACGTCAATGGGGTGTCTGAACGACGTCACAGTATGACGGCCATGGGATCTGGCAGCTGACGTCACTGTCTGGTGCGGTACCTGAGCTCGCTAGCCTCGAGGATATCAAGATCTGGCCTCGGCGGCCAAGCTTAGACACTAGAGGGTATATAATGGAAGCTCGACT,67,scanmut_single_pos_54_G,98.01085342033802,-0.5777669993169522,0.06775267488227169
reverse,scanmut_single_pos_55_A,CCTAACTGGCCGCTTCACTGGTTCTCCCATTGACGTCAATGGGGTGTCTGATAGACGTCACAGTATGACGGCCATGGGATCTGGCAGCTGACGTCACTGTCTGGTGCGGTACCTGAGCTCGCTAGCCTCGAGGATATCAAGATCTGGCCTCGGCGGCCAAGCTTAGACACTAGAGGGTATATAATGGAAGCTCGACT,104,scanmut_single_pos_55_A,105.4241938902935,0.056583528366367514,0.17294524240160464
reverse,scanmut_single_pos_55_C,CCTAACTGGCCGCTTCACTGGTTCTCCCATTGACGTCAATGGGGTGTCTGAGAGACGTCACAGTATGACGGCCATGGGATCTGGCAGCTGACGTCACTGTCTGGTGCGGTACCTGAGCTCGCTAGCCTCGAGGATATCAAGATCTGGCCTCGGCGGCCAAGCTTAGACACTAGAGGGTATATAATGGAAGCTCGACT,89,scanmut_single_pos_55_C,98.82950815246052,-0.16812275880832692,0.0797530179273307
reverse,scanmut_single_pos_55_G,CCTAACTGGCCGCTTCACTGGTTCTCCCATTGACGTCAATGGGGTGTCTGACAGACGTCACAGTATGACGGCCATGGGATCTGGCAGCTGACGTCACTGTCTGGTGCGGTACCTGAGCTCGCTAGCCTCGAGGATATCAAGATCTGGCCTCGGCGGCCAAGCTTAGACACTAGAGGGTATATAATGGAAGCTCGACT,126,scanmut_single_pos_55_G,105.6907894211093,0.3334237337251918,0.17658890850850267
reverse,scanmut_single_pos_56_A,CCTAACTGGCCGCTTCACTGGTTCTCCCATTGACGTCAATGGGGTGTCTGTAAGACGTCACAGTATGACGGCCATGGGATCTGGCAGCTGACGTCACTGTCTGGTGCGGTACCTGAGCTCGCTAGCCTCGAGGATATCAAGATCTGGCCTCGGCGGCCAAGCTTAGACACTAGAGGGTATATAATGGAAGCTCGACT,78,scanmut_single_pos_56_A,93.42203738069762,-0.3584539709124763,-0.0014259345188636407
reverse,scanmut_single_pos_56_C,CCTAACTGGCCGCTTCACTGGTTCTCCCATTGACGTCAATGGGGTGTCTGGAAGACGTCACAGTATGACGGCCATGGGATCTGGCAGCTGACGTCACTGTCTGGTGCGGTACCTGAGCTCGCTAGCCTCGAGGATATCAAGATCTGGCCTCGGCGGCCAAGCTTAGACACTAGAGGGTATATAATGGAAGCTCGACT,80,scanmut_single_pos_56_C,90.79525398446744,-0.3219280948873623,-0.04257195532978444
reverse,scanmut_single_pos_56_G,CCTAACTGGCCGCTTCACTGGTTCTCCCATTGACGTCAATGGGGTGTCTGCAAGACGTCACAGTATGACGGCCATGGGATCTGGCAGCTGACGTCACTGTCTGGTGCGGTACCTGAGCTCGCTAGCCTCGAGGATATCAAGATCTGGCCTCGGCGGCCAAGCTTAGACACTAGAGGGTATATAATGGAAGCTCGACT,79,scanmut_single_pos_56_G,96.63353920724548,-0.3400754415976217,0.04733515837152982
reverse,scanmut_single_pos_57_A,CCTAACTGGCCGCTTCACTGGTTCTCCCATTGACGTCAATGGGGTGTCTTAAAGACGTCACAGTATGACGGCCATGGGATCTGGCAGCTGACGTCACTGTCTGGTGCGGTACCTGAGCTCGCTAGCCTCGAGGATATCAAGATCTGGCCTCGGCGGCCAAGCTTAGACACTAGAGGGTATATAATGGAAGCTCGACT,98,scanmut_single_pos_57_A,93.17880025999816,-0.029146345659516508,-0.005187087909000266
reverse,scanmut_single_pos_57_G,CCTAACTGGCCGCTTCACTGGTTCTCCCATTGACGTCAATGGGGTGTCTCAAAGACGTCACAGTATGACGGCCATGGGATCTGGCAGCTGACGTCACTGTCTGGTGCGGTACCTGAGCTCGCTAGCCTCGAGGATATCAAGATCTGGCCTCGGCGGCCAAGCTTAGACACTAGAGGGTATATAATGGAAGCTCGACT,108,scanmut_single_pos_57_G,91.70737778559348,0.11103131238874395,-0.02815104064403751
reverse,scanmut_single_pos_57_T,CCTAACTGGCCGCTTCACTGGTTCTCCCATTGACGTCAATGGGGTGTCTAAAAGACGTCACAGTATGACGGCCATGGGATCTGGCAGCTGACGTCACTGTCTGGTGCGGTACCTGAGCTCGCTAGCCTCGAGGATATCAAGATCTGGCCTCGGCGGCCAAGCTTAGACACTAGAGGGTATATAATGGAAGCTCGACT,102,scanmut_single_pos_57_T,94.8357982115448,0.02856915219677092,0.020242901485415365
reverse,scanmut_single_pos_58_C,CCTAACTGGCCGCTTCACTGGTTCTCCCATTGACGTCAATGGGGTGTCGGAAAGACGTCACAGTATGACGGCCATGGGATCTGGCAGCTGACGTCACTGTCTGGTGCGGTACCTGAGCTCGCTAGCCTCGAGGATATCAAGATCTGGCCTCGGCGGCCAAGCTTAGACACTAGAGGGTATATAATGGAAGCTCGACT,90,scanmut_single_pos_58_C,103.3495683758783,-0.15200309344504995,0.14427161566008267
reverse,scanmut_single_pos_58_G,CCTAACTGGCCGCTTCACTGGTTCTCCCATTGACGTCAATGGGGTGTCCGAAAGACGTCACAGTATGACGGCCATGGGATCTGGCAGCTGACGTCACTGTCTGGTGCGGTACCTGAGCTCGCTAGCCTCGAGGATATCAAGATCTGGCCTCGGCGGCCAAGCTTAGACACTAGAGGGTATATAATGGAAGCTCGACT,90,scanmut_single_pos_58_G,93.51441973378633,-0.15200309344504995,0.0
reverse,scanmut_single_pos_58_T,CCTAACTGGCCGCTTCACTGGTTCTCCCATTGACGTCAATGGGGTGTCAGAAAGACGTCACAGTATGACGGCCATGGGATCTGGCAGCTGACGTCACTGTCTGGTGCGGTACCTGAGCTCGCTAGCCTCGAGGATATCAAGATCTGGCCTCGGCGGCCAAGCTTAGACACTAGAGGGTATATAATGGAAGCTCGACT,122,scanmut_single_pos_58_T,107.2403597269021,0.28688114778816154,0.19758721590100733
reverse,scanmut_single_pos_59_A,CCTAACTGGCCGCTTCACTGGTTCTCCCATTGACGTCAATGGGGTGTTTGAAAGACGTCACAGTATGACGGCCATGGGATCTGGCAGCTGACGTCACTGTCTGGTGCGGTACCTGAGCTCGCTAGCCTCGAGGATATCAAGATCTGGCCTCGGCGGCCAAGCTTAGACACTAGAGGGTATATAATGGAAGCTCGACT,105,scanmut_single_pos_59_A,98.71996375270032,0.070389327891398,0.0781530219671748
reverse,scanmut_single_pos_59_C,CCTAACTGGCCGCTTCACTGGTTCTCCCATTGACGTCAATGGGGTGTGTGAAAGACGTCACAGTATGACGGCCATGGGATCTGGCAGCTGACGTCACTGTCTGGTGCGGTACCTGAGCTCGCTAGCCTCGAGGATATCAAGATCTGGCCTCGGCGGCCAAGCTTAGACACTAGAGGGTATATAATGGAAGCTCGACT,143,scanmut_single_pos_59_C,93.51441973378633,0.5160151470036647,0.0
reverse,scanmut_single_pos_59_T,CCTAACTGGCCGCTTCACTGGTTCTCCCATTGACGTCAATGGGGTGTATGAAAGACGTCACAGTATGACGGCCATGGGATCTGGCAGCTGACGTCACTGTCTGGTGCGGTACCTGAGCTCGCTAGCCTCGAGGATATCAAGATCTGGCCTCGGCGGCCAAGCTTAGACACTAGAGGGTATATAATGGAAGCTCGACT,108,scanmut_single_pos_59_T,98.0722773407298,0.11103131238874395,0.06865653629957776
reverse,scanmut_single_pos_60_C,CCTAACTGGCCGCTTCACTGGTTCTCCCATTGACGTCAATGGGGTGGCTGAAAGACGTCACAGTATGACGGCCATGGGATCTGGCAGCTGACGTCACTGTCTGGTGCGGTACCTGAGCTCGCTAGCCTCGAGGATATCAAGATCTGGCCTCGGCGGCCAAGCTTAGACACTAGAGGGTATATAATGGAAGCTCGACT,122,scanmut_single_pos_60_C,101.9472202404946,0.28688114778816154,0.12456169051105015
reverse,scanmut_single_pos_60_G,CCTAACTGGCCGCTTCACTGGTTCTCCCATTGACGTCAATGGGGTGCCTGAAAGACGTCACAGTATGACGGCCATGGGATCTGGCAGCTGACGTCACTGTCTGGTGCGGTACCTGAGCTCGCTAGCCTCGAGGATATCAAGATCTGGCCTCGGCGGCCAAGCTTAGACACTAGAGGGTATATAATGGAAGCTCGACT,87,scanmut_single_pos_60_G,93.51441973378633,-0.2009126939259964,0.0
reverse,scanmut_single_pos_60_T,CCTAACTGGCCGCTTCACTGGTTCTCCCATTGACGTCAATGGGGTGACTGAAAGACGTCACAGTATGACGGCCATGGGATCTGGCAGCTGACGTCACTGTCTGGTGCGGTACCTGAGCTCGCTAGCCTCGAGGATATCAAGATCTGGCCTCGGCGGCCAAGCTTAGACACTAGAGGGTATATAATGGAAGCTCGACT,109,scanmut_single_pos_60_T,103.6042661759789,0.12432813500220177,0.14782266306582476
reverse,scanmut_single_pos_61_A,CCTAACTGGCCGCTTCACTGGTTCTCCCATTGACGTCAATGGGGTTTCTGAAAGACGTCACAGTATGACGGCCATGGGATCTGGCAGCTGACGTCACTGTCTGGTGCGGTACCTGAGCTCGCTAGCCTCGAGGATATCAAGATCTGGCCTCGGCGGCCAAGCTTAGACACTAGAGGGTATATAATGGAAGCTCGACT,102,scanmut_single_pos_61_A,90.75839797214638,0.02856915219677092,-0.043157699393425064
reverse,scanmut_single_pos_61_G,CCTAACTGGCCGCTTCACTGGTTCTCCCATTGACGTCAATGGGGTCTCTGAAAGACGTCACAGTATGACGGCCATGGGATCTGGCAGCTGACGTCACTGTCTGGTGCGGTACCTGAGCTCGCTAGCCTCGAGGATATCAAGATCTGGCCTCGGCGGCCAAGCTTAGACACTAGAGGGTATATAATGGAAGCTCGACT,106,scanmut_single_pos_61_G,93.24844806018471,0.08406426478847455,-0.004109128098746218
reverse,scanmut_single_pos_61_T,CCTAACTGGCCGCTTCACTGGTTCTCCCATTGACGTCAATGGGGTATCTGAAAGACGTCACAGTATGACGGCCATGGGATCTGGCAGCTGACGTCACTGTCTGGTGCGGTACCTGAGCTCGCTAGCCTCGAGGATATCAAGATCTGGCCTCGGCGGCCAAGCTTAGACACTAGAGGGTATATAATGGAAGCTCGACT,100,scanmut_single_pos_61_T,92.917800019317,0.0,-0.009233846412102259
reverse,scanmut_single_pos_62_C,CCTAACTGGCCGCTTCACTGGTTCTCCCATTGACGTCAATGGGGGGTCTGAAAGACGTCACAGTATGACGGCCATGGGATCTGGCAGCTGACGTCACTGTCTGGTGCGGTACCTGAGCTCGCTAGCCTCGAGGATATCAAGATCTGGCCTCGGCGGCCAAGCTTAGACACTAGAGGGTATATAATGGAAGCTCGACT,109,scanmut_single_pos_62_C,115.7447141700763,0.12432813500220177,0.30768556207449954
reverse,scanmut_single_pos_62_G,CCTAACTGGCCGCTTCACTGGTTCTCCCATTGACGTCAATGGGGCGTCTGAAAGACGTCACAGTATGACGGCCATGGGATCTGGCAGCTGACGTCACTGTCTGGTGCGGTACCTGAGCTCGCTAGCCTCGAGGATATCAAGATCTGGCCTCGGCGGCCAAGCTTAGACACTAGAGGGTATATAATGGAAGCTCGACT,139,scanmut_single_pos_62_G,108.000802171834,0.47508488294878265,0.20778128007655783
reverse,scanmut_single_pos_62_T,CCTAACTGGCCGCTTCACTGGTTCTCCCATTGACGTCAATGGGGAGTCTGAAAGACGTCACAGTATGACGGCCATGGGATCTGGCAGCTGACGTCACTGTCTGGTGCGGTACCTGAGCTCGCTAGCCTCGAGGATATCAAGATCTGGCCTCGGCGGCCAAGCTTAGACACTAGAGGGTATATAATGGAAGCTCGACT,106,scanmut_single_pos_62_T,109.9647176336559,0.08406426478847455,0.23377995892626613
reverse,scanmut_single_pos_63_A,CCTAACTGGCCGCTTCACTGGTTCTCCCATTGACGTCAATGGGTTGTCTGAAAGACGTCACAGTATGACGGCCATGGGATCTGGCAGCTGACGTCACTGTCTGGTGCGGTACCTGAGCTCGCTAGCCTCGAGGATATCAAGATCTGGCCTCGGCGGCCAAGCTTAGACACTAGAGGGTATATAATGGAAGCTCGACT,122,scanmut_single_pos_63_A,90.11706827316294,0.28688114778816154,-0.053388462834271844
reverse,scanmut_single_pos_63_G,CCTAACTGGCCGCTTCACTGGTTCTCCCATTGACGTCAATGGGCTGTCTGAAAGACGTCACAGTATGACGGCCATGGGATCTGGCAGCTGACGTCACTGTCTGGTGCGGTACCTGAGCTCGCTAGCCTCGAGGATATCAAGATCTGGCCTCGGCGGCCAAGCTTAGACACTAGAGGGTATATAATGGAAGCTCGACT,136,scanmut_single_pos_63_G,91.48966045688282,0.44360665147561484,-0.0315801338361017
reverse,scanmut_single_pos_63_T,CCTAACTGGCCGCTTCACTGGTTCTCCCATTGACGTCAATGGGATGTCTGAAAGACGTCACAGTATGACGGCCATGGGATCTGGCAGCTGACGTCACTGTCTGGTGCGGTACCTGAGCTCGCTAGCCTCGAGGATATCAAGATCTGGCCTCGGCGGCCAAGCTTAGACACTAGAGGGTATATAATGGAAGCTCGACT,134,scanmut_single_pos_63_T,108.000802171834,0.4222330006830478,0.20778128007655783
reverse,scanmut_single_pos_64_A,CCTAACTGGCCGCTTCACTGGTTCTCCCATTGACGTCAATGGTGTGTCTGAAAGACGTCACAGTATGACGGCCATGGGATCTGGCAGCTGACGTCACTGTCTGGTGCGGTACCTGAGCTCGCTAGCCTCGAGGATATCAAGATCTGGCCTCGGCGGCCAAGCTTAGACACTAGAGGGTATATAATGGAAGCTCGACT,124,scanmut_single_pos_64_A,121.6939081506628,0.3103401206121505,0.3799962023821972
reverse,scanmut_single_pos_64_G,CCTAACTGGCCGCTTCACTGGTTCTCCCATTGACGTCAATGGCGTGTCTGAAAGACGTCACAGTATGACGGCCATGGGATCTGGCAGCTGACGTCACTGTCTGGTGCGGTACCTGAGCTCGCTAGCCTCGAGGATATCAAGATCTGGCCTCGGCGGCCAAGCTTAGACACTAGAGGGTATATAATGGAAGCTCGACT,141,scanmut_single_pos_64_G,133.0677380292037,0.49569516262406876,0.5089000875947983
reverse,scanmut_single_pos_64_T,CCTAACTGGCCGCTTCACTGGTTCTCCCATTGACGTCAATGGAGTGTCTGAAAGACGTCACAGTATGACGGCCATGGGATCTGGCAGCTGACGTCACTGTCTGGTGCGGTACCTGAGCTCGCTAGCCTCGAGGATATCAAGATCTGGCCTCGGCGGCCAAGCTTAGACACTAGAGGGTATATAATGGAAGCTCGACT,131,scanmut_single_pos_64_T,107.4470261684914,0.3895668117627256,0.20036480566254417
reverse,scanmut_single_pos_65_A,CCTAACTGGCCGCTTCACTGGTTCTCCCATTGACGTCAATGTGGTGTCTGAAAGACGTCACAGTATGACGGCCATGGGATCTGGCAGCTGACGTCACTGTCTGGTGCGGTACCTGAGCTCGCTAGCCTCGAGGATATCAAGATCTGGCCTCGGCGGCCAAGCTTAGACACTAGAGGGTATATAATGGAAGCTCGACT,108,scanmut_single_pos_65_A,123.7010498412201,0.11103131238874395,0.4035969964929012
reverse,scanmut_single_pos_65_G,CCTAACTGGCCGCTTCACTGGTTCTCCCATTGACGTCAATGCGGTGTCTGAAAGACGTCACAGTATGACGGCCATGGGATCTGGCAGCTGACGTCACTGTCTGGTGCGGTACCTGAGCTCGCTAGCCTCGAGGATATCAAGATCTGGCCTCGGCGGCCAAGCTTAGACACTAGAGGGTATATAATGGAAGCTCGACT,118,scanmut_single_pos_65_G,107.4470261684914,0.23878685958711648,0.20036480566254417
reverse,scanmut_single_pos_65_T,CCTAACTGGCCGCTTCACTGGTTCTCCCATTGACGTCAATGAGGTGTCTGAAAGACGTCACAGTATGACGGCCATGGGATCTGGCAGCTGACGTCACTGTCTGGTGCGGTACCTGAGCTCGCTAGCCTCGAGGATATCAAGATCTGGCCTCGGCGGCCAAGCTTAGACACTAGAGGGTATATAATGGAAGCTCGACT,104,scanmut_single_pos_65_T,109.5677039525297,0.056583528366367514,0.2285618659520962
reverse,scanmut_single_pos_66_A,CCTAACTGGCCGCTTCACTGGTTCTCCCATTGACGTCAATTGGGTGTCTGAAAGACGTCACAGTATGACGGCCATGGGATCTGGCAGCTGACGTCACTGTCTGGTGCGGTACCTGAGCTCGCTAGCCTCGAGGATATCAAGATCTGGCCTCGGCGGCCAAGCTTAGACACTAGAGGGTATATAATGGAAGCTCGACT,127,scanmut_single_pos_66_A,107.4470261684914,0.34482849699744117,0.20036480566254417
reverse,scanmut_single_pos_66_G,CCTAACTGGCCGCTTCACTGGTTCTCCCATTGACGTCAATCGGGTGTCTGAAAGACGTCACAGTATGACGGCCATGGGATCTGGCAGCTGACGTCACTGTCTGGTGCGGTACCTGAGCTCGCTAGCCTCGAGGATATCAAGATCTGGCCTCGGCGGCCAAGCTTAGACACTAGAGGGTATATAATGGAAGCTCGACT,134,scanmut_single_pos_66_G,107.4470261684914,0.4222330006830478,0.20036480566254417
reverse,scanmut_single_pos_66_T,CCTAACTGGCCGCTTCACTGGTTCTCCCATTGACGTCAATAGGGTGTCTGAAAGACGTCACAGTATGACGGCCATGGGATCTGGCAGCTGACGTCACTGTCTGGTGCGGTACCTGAGCTCGCTAGCCTCGAGGATATCAAGATCTGGCCTCGGCGGCCAAGCTTAGACACTAGAGGGTATATAATGGAAGCTCGACT,111,scanmut_single_pos_66_T,107.4470261684914,0.15055967657538138,0.20036480566254417
reverse,scanmut_single_pos_67_C,CCTAACTGGCCGCTTCACTGGTTCTCCCATTGACGTCAAGGGGGTGTCTGAAAGACGTCACAGTATGACGGCCATGGGATCTGGCAGCTGACGTCACTGTCTGGTGCGGTACCTGAGCTCGCTAGCCTCGAGGATATCAAGATCTGGCCTCGGCGGCCAAGCTTAGACACTAGAGGGTATATAATGGAAGCTCGACT,70,scanmut_single_pos_67_C,96.1733097973848,-0.5145731728297583,0.04044772722728468
reverse,scanmut_single_pos_67_G,CCTAACTGGCCGCTTCACTGGTTCTCCCATTGACGTCAACGGGGTGTCTGAAAGACGTCACAGTATGACGGCCATGGGATCTGGCAGCTGACGTCACTGTCTGGTGCGGTACCTGAGCTCGCTAGCCTCGAGGATATCAAGATCTGGCCTCGGCGGCCAAGCTTAGACACTAGAGGGTATATAATGGAAGCTCGACT,74,scanmut_single_pos_67_G,87.69778330347208,-0.4344028241457749,-0.09264846600971102
reverse,scanmut_single_pos_67_T,CCTAACTGGCCGCTTCACTGGTTCTCCCATTGACGTCAAAGGGGTGTCTGAAAGACGTCACAGTATGACGGCCATGGGATCTGGCAGCTGACGTCACTGTCTGGTGCGGTACCTGAGCTCGCTAGCCTCGAGGATATCAAGATCTGGCCTCGGCGGCCAAGCTTAGACACTAGAGGGTATATAATGGAAGCTCGACT,85,scanmut_single_pos_67_T,92.87312691746004,-0.23446525363702297,-0.009927633399602948
reverse,scanmut_single_pos_68_A,CCTAACTGGCCGCTTCACTGGTTCTCCCATTGACGTCATTGGGGTGTCTGAAAGACGTCACAGTATGACGGCCATGGGATCTGGCAGCTGACGTCACTGTCTGGTGCGGTACCTGAGCTCGCTAGCCTCGAGGATATCAAGATCTGGCCTCGGCGGCCAAGCTTAGACACTAGAGGGTATATAATGGAAGCTCGACT,54,scanmut_single_pos_68_A,72.34073918257069,-0.888968687611256,-0.3703805031770626
reverse,scanmut_single_pos_68_C,CCTAACTGGCCGCTTCACTGGTTCTCCCATTGACGTCAGTGGGGTGTCTGAAAGACGTCACAGTATGACGGCCATGGGATCTGGCAGCTGACGTCACTGTCTGGTGCGGTACCTGAGCTCGCTAGCCTCGAGGATATCAAGATCTGGCCTCGGCGGCCAAGCTTAGACACTAGAGGGTATATAATGGAAGCTCGACT,81,scanmut_single_pos_68_C,78.06850054079194,-0.3040061868900999,-0.2604482826592999
reverse,scanmut_single_pos_68_G,CCTAACTGGCCGCTTCACTGGTTCTCCCATTGACGTCACTGGGGTGTCTGAAAGACGTCACAGTATGACGGCCATGGGATCTGGCAGCTGACGTCACTGTCTGGTGCGGTACCTGAGCTCGCTAGCCTCGAGGATATCAAGATCTGGCCTCGGCGGCCAAGCTTAGACACTAGAGGGTATATAATGGAAGCTCGACT,54,scanmut_single_pos_68_G,77.12035933225924,-0.888968687611256,-0.2780770691686915
reverse,scanmut_single_pos_69_A,CCTAACTGGCCGCTTCACTGGTTCTCCCATTGACGTCTATGGGGTGTCTGAAAGACGTCACAGTATGACGGCCATGGGATCTGGCAGCTGACGTCACTGTCTGGTGCGGTACCTGAGCTCGCTAGCCTCGAGGATATCAAGATCTGGCCTCGGCGGCCAAGCTTAGACACTAGAGGGTATATAATGGAAGCTCGACT,60,scanmut_single_pos_69_A,57.56758950309211,-0.7369655941662062,-0.699932038480903
reverse,scanmut_single_pos_69_C,CCTAACTGGCCGCTTCACTGGTTCTCCCATTGACGTCGATGGGGTGTCTGAAAGACGTCACAGTATGACGGCCATGGGATCTGGCAGCTGACGTCACTGTCTGGTGCGGTACCTGAGCTCGCTAGCCTCGAGGATATCAAGATCTGGCCTCGGCGGCCAAGCTTAGACACTAGAGGGTATATAATGGAAGCTCGACT,56,scanmut_single_pos_69_C,64.19581899258947,-0.8365012677171204,-0.5427095036328932
reverse,scanmut_single_pos_69_G,CCTAACTGGCCGCTTCACTGGTTCTCCCATTGACGTCCATGGGGTGTCTGAAAGACGTCACAGTATGACGGCCATGGGATCTGGCAGCTGACGTCACTGTCTGGTGCGGTACCTGAGCTCGCTAGCCTCGAGGATATCAAGATCTGGCCTCGGCGGCCAAGCTTAGACACTAGAGGGTATATAATGGAAGCTCGACT,56,scanmut_single_pos_69_G,61.11265307034803,-0.8365012677171204,-0.6137177290103841
reverse,scanmut_single_pos_70_A,CCTAACTGGCCGCTTCACTGGTTCTCCCATTGACGTTAATGGGGTGTCTGAAAGACGTCACAGTATGACGGCCATGGGATCTGGCAGCTGACGTCACTGTCTGGTGCGGTACCTGAGCTCGCTAGCCTCGAGGATATCAAGATCTGGCCTCGGCGGCCAAGCTTAGACACTAGAGGGTATATAATGGAAGCTCGACT,42,scanmut_single_pos_70_A,50.99146762905785,-1.2515387669959646,-0.8749329807972902
reverse,scanmut_single_pos_70_C,CCTAACTGGCCGCTTCACTGGTTCTCCCATTGACGTGAATGGGGTGTCTGAAAGACGTCACAGTATGACGGCCATGGGATCTGGCAGCTGACGTCACTGTCTGGTGCGGTACCTGAGCTCGCTAGCCTCGAGGATATCAAGATCTGGCCTCGGCGGCCAAGCTTAGACACTAGAGGGTATATAATGGAAGCTCGACT,49,scanmut_single_pos_70_C,62.76463381064001,-1.0291463456595165,-0.5752369747396531
reverse,scanmut_single_pos_70_T,CCTAACTGGCCGCTTCACTGGTTCTCCCATTGACGTAAATGGGGTGTCTGAAAGACGTCACAGTATGACGGCCATGGGATCTGGCAGCTGACGTCACTGTCTGGTGCGGTACCTGAGCTCGCTAGCCTCGAGGATATCAAGATCTGGCCTCGGCGGCCAAGCTTAGACACTAGAGGGTATATAATGGAAGCTCGACT,73,scanmut_single_pos_70_T,87.79238996200864,-0.4540316308947075,-0.09109295360934684
reverse,scanmut_single_pos_71_C,CCTAACTGGCCGCTTCACTGGTTCTCCCATTGACGGCAATGGGGTGTCTGAAAGACGTCACAGTATGACGGCCATGGGATCTGGCAGCTGACGTCACTGTCTGGTGCGGTACCTGAGCTCGCTAGCCTCGAGGATATCAAGATCTGGCCTCGGCGGCCAAGCTTAGACACTAGAGGGTATATAATGGAAGCTCGACT,39,scanmut_single_pos_71_C,38.40397220766345,-1.3584539709124763,-1.2839333030031914
reverse,scanmut_single_pos_71_G,CCTAACTGGCCGCTTCACTGGTTCTCCCATTGACGCCAATGGGGTGTCTGAAAGACGTCACAGTATGACGGCCATGGGATCTGGCAGCTGACGTCACTGTCTGGTGCGGTACCTGAGCTCGCTAGCCTCGAGGATATCAAGATCTGGCCTCGGCGGCCAAGCTTAGACACTAGAGGGTATATAATGGAAGCTCGACT,53,scanmut_single_pos_71_G,52.13251529615353,-0.9159357352115255,-0.8430053738567299
reverse,scanmut_single_pos_71_T,CCTAACTGGCCGCTTCACTGGTTCTCCCATTGACGACAATGGGGTGTCTGAAAGACGTCACAGTATGACGGCCATGGGATCTGGCAGCTGACGTCACTGTCTGGTGCGGTACCTGAGCTCGCTAGCCTCGAGGATATCAAGATCTGGCCTCGGCGGCCAAGCTTAGACACTAGAGGGTATATAATGGAAGCTCGACT,50,scanmut_single_pos_71_T,48.20411258673209,-1.0,-0.9560326059859066
reverse,scanmut_single_pos_72_A,CCTAACTGGCCGCTTCACTGGTTCTCCCATTGACTTCAATGGGGTGTCTGAAAGACGTCACAGTATGACGGCCATGGGATCTGGCAGCTGACGTCACTGTCTGGTGCGGTACCTGAGCTCGCTAGCCTCGAGGATATCAAGATCTGGCCTCGGCGGCCAAGCTTAGACACTAGAGGGTATATAATGGAAGCTCGACT,27,scanmut_single_pos_72_A,36.55442414099058,-1.8889686876112561,-1.35514281829271
reverse,scanmut_single_pos_72_G,CCTAACTGGCCGCTTCACTGGTTCTCCCATTGACCTCAATGGGGTGTCTGAAAGACGTCACAGTATGACGGCCATGGGATCTGGCAGCTGACGTCACTGTCTGGTGCGGTACCTGAGCTCGCTAGCCTCGAGGATATCAAGATCTGGCCTCGGCGGCCAAGCTTAGACACTAGAGGGTATATAATGGAAGCTCGACT,36,scanmut_single_pos_72_G,35.91710288915701,-1.4739311883324124,-1.38051785731083
reverse,scanmut_single_pos_72_T,CCTAACTGGCCGCTTCACTGGTTCTCCCATTGACATCAATGGGGTGTCTGAAAGACGTCACAGTATGACGGCCATGGGATCTGGCAGCTGACGTCACTGTCTGGTGCGGTACCTGAGCTCGCTAGCCTCGAGGATATCAAGATCTGGCCTCGGCGGCCAAGCTTAGACACTAGAGGGTATATAATGGAAGCTCGACT,37,scanmut_single_pos_72_T,47.6346252615863,-1.434402824145775,-0.9731782034429909
reverse,scanmut_single_pos_73_A,CCTAACTGGCCGCTTCACTGGTTCTCCCATTGATGTCAATGGGGTGTCTGAAAGACGTCACAGTATGACGGCCATGGGATCTGGCAGCTGACGTCACTGTCTGGTGCGGTACCTGAGCTCGCTAGCCTCGAGGATATCAAGATCTGGCCTCGGCGGCCAAGCTTAGACACTAGAGGGTATATAATGGAAGCTCGACT,47,scanmut_single_pos_73_A,47.6346252615863,-1.0892673380970874,-0.9731782034429909
reverse,scanmut_single_pos_73_C,CCTAACTGGCCGCTTCACTGGTTCTCCCATTGAGGTCAATGGGGTGTCTGAAAGACGTCACAGTATGACGGCCATGGGATCTGGCAGCTGACGTCACTGTCTGGTGCGGTACCTGAGCTCGCTAGCCTCGAGGATATCAAGATCTGGCCTCGGCGGCCAAGCTTAGACACTAGAGGGTATATAATGGAAGCTCGACT,40,scanmut_single_pos_73_C,35.91710288915701,-1.3219280948873622,-1.38051785731083
reverse,scanmut_single_pos_73_T,CCTAACTGGCCGCTTCACTGGTTCTCCCATTGAAGTCAATGGGGTGTCTGAAAGACGTCACAGTATGACGGCCATGGGATCTGGCAGCTGACGTCACTGTCTGGTGCGGTACCTGAGCTCGCTAGCCTCGAGGATATCAAGATCTGGCCTCGGCGGCCAAGCTTAGACACTAGAGGGTATATAATGGAAGCTCGACT,29,scanmut_single_pos_73_T,36.55442414099058,-1.7858751946471527,-1.35514281829271
reverse,scanmut_single_pos_74_A,CCTAACTGGCCGCTTCACTGGTTCTCCCATTGTCGTCAATGGGGTGTCTGAAAGACGTCACAGTATGACGGCCATGGGATCTGGCAGCTGACGTCACTGTCTGGTGCGGTACCTGAGCTCGCTAGCCTCGAGGATATCAAGATCTGGCCTCGGCGGCCAAGCTTAGACACTAGAGGGTATATAATGGAAGCTCGACT,49,scanmut_single_pos_74_A,48.20411258673209,-1.0291463456595165,-0.9560326059859066
reverse,scanmut_single_pos_74_C,CCTAACTGGCCGCTTCACTGGTTCTCCCATTGGCGTCAATGGGGTGTCTGAAAGACGTCACAGTATGACGGCCATGGGATCTGGCAGCTGACGTCACTGTCTGGTGCGGTACCTGAGCTCGCTAGCCTCGAGGATATCAAGATCTGGCCTCGGCGGCCAAGCTTAGACACTAGAGGGTATATAATGGAAGCTCGACT,52,scanmut_single_pos_74_C,52.13251529615353,-0.9434164716336325,-0.8430053738567299
reverse,scanmut_single_pos_74_G,CCTAACTGGCCGCTTCACTGGTTCTCCCATTGCCGTCAATGGGGTGTCTGAAAGACGTCACAGTATGACGGCCATGGGATCTGGCAGCTGACGTCACTGTCTGGTGCGGTACCTGAGCTCGCTAGCCTCGAGGATATCAAGATCTGGCCTCGGCGGCCAAGCTTAGACACTAGAGGGTATATAATGGAAGCTCGACT,34,scanmut_single_pos_74_G,38.40397220766345,-1.5563933485243853,-1.2839333030031914
reverse,scanmut_single_pos_75_A,CCTAACTGGCCGCTTCACTGGTTCTCCCATTTACGTCAATGGGGTGTCTGAAAGACGTCACAGTATGACGGCCATGGGATCTGGCAGCTGACGTCACTGTCTGGTGCGGTACCTGAGCTCGCTAGCCTCGAGGATATCAAGATCTGGCCTCGGCGGCCAAGCTTAGACACTAGAGGGTATATAATGGAAGCTCGACT,76,scanmut_single_pos_75_A,88.68732362617791,-0.3959286763311392,-0.07646093273507842
reverse,scanmut_single_pos_75_G,CCTAACTGGCCGCTTCACTGGTTCTCCCATTCACGTCAATGGGGTGTCTGAAAGACGTCACAGTATGACGGCCATGGGATCTGGCAGCTGACGTCACTGTCTGGTGCGGTACCTGAGCTCGCTAGCCTCGAGGATATCAAGATCTGGCCTCGGCGGCCAAGCTTAGACACTAGAGGGTATATAATGGAAGCTCGACT,52,scanmut_single_pos_75_G,62.86191587997553,-0.9434164716336325,-0.5730026001206407
reverse,scanmut_single_pos_75_T,CCTAACTGGCCGCTTCACTGGTTCTCCCATTAACGTCAATGGGGTGTCTGAAAGACGTCACAGTATGACGGCCATGGGATCTGGCAGCTGACGTCACTGTCTGGTGCGGTACCTGAGCTCGCTAGCCTCGAGGATATCAAGATCTGGCCTCGGCGGCCAAGCTTAGACACTAGAGGGTATATAATGGAAGCTCGACT,50,scanmut_single_pos_75_T,50.97934174180646,-1.0,-0.8752760977656531
reverse,scanmut_single_pos_76_C,CCTAACTGGCCGCTTCACTGGTTCTCCCATGGACGTCAATGGGGTGTCTGAAAGACGTCACAGTATGACGGCCATGGGATCTGGCAGCTGACGTCACTGTCTGGTGCGGTACCTGAGCTCGCTAGCCTCGAGGATATCAAGATCTGGCCTCGGCGGCCAAGCTTAGACACTAGAGGGTATATAATGGAAGCTCGACT,51,scanmut_single_pos_76_C,61.02457316093481,-0.9714308478032291,-0.6157985437539648
reverse,scanmut_single_pos_76_G,CCTAACTGGCCGCTTCACTGGTTCTCCCATCGACGTCAATGGGGTGTCTGAAAGACGTCACAGTATGACGGCCATGGGATCTGGCAGCTGACGTCACTGTCTGGTGCGGTACCTGAGCTCGCTAGCCTCGAGGATATCAAGATCTGGCCTCGGCGGCCAAGCTTAGACACTAGAGGGTATATAATGGAAGCTCGACT,56,scanmut_single_pos_76_G,64.07319508446095,-0.8365012677171204,-0.5454679088380435
reverse,scanmut_single_pos_76_T,CCTAACTGGCCGCTTCACTGGTTCTCCCATAGACGTCAATGGGGTGTCTGAAAGACGTCACAGTATGACGGCCATGGGATCTGGCAGCTGACGTCACTGTCTGGTGCGGTACCTGAGCTCGCTAGCCTCGAGGATATCAAGATCTGGCCTCGGCGGCCAAGCTTAGACACTAGAGGGTATATAATGGAAGCTCGACT,59,scanmut_single_pos_76_T,53.79265690299316,-0.7612131404128835,-0.7977795951623937
reverse,scanmut_single_pos_77_C,CCTAACTGGCCGCTTCACTGGTTCTCCCAGTGACGTCAATGGGGTGTCTGAAAGACGTCACAGTATGACGGCCATGGGATCTGGCAGCTGACGTCACTGTCTGGTGCGGTACCTGAGCTCGCTAGCCTCGAGGATATCAAGATCTGGCCTCGGCGGCCAAGCTTAGACACTAGAGGGTATATAATGGAAGCTCGACT,50,scanmut_single_pos_77_C,72.08779529961201,-1.0,-0.37543381566786693
reverse,scanmut_single_pos_77_G,CCTAACTGGCCGCTTCACTGGTTCTCCCACTGACGTCAATGGGGTGTCTGAAAGACGTCACAGTATGACGGCCATGGGATCTGGCAGCTGACGTCACTGTCTGGTGCGGTACCTGAGCTCGCTAGCCTCGAGGATATCAAGATCTGGCCTCGGCGGCCAAGCTTAGACACTAGAGGGTATATAATGGAAGCTCGACT,80,scanmut_single_pos_77_G,78.27560697751474,-0.3219280948873623,-0.2566260522124886
reverse,scanmut_single_pos_77_T,CCTAACTGGCCGCTTCACTGGTTCTCCCAATGACGTCAATGGGGTGTCTGAAAGACGTCACAGTATGACGGCCATGGGATCTGGCAGCTGACGTCACTGTCTGGTGCGGTACCTGAGCTCGCTAGCCTCGAGGATATCAAGATCTGGCCTCGGCGGCCAAGCTTAGACACTAGAGGGTATATAATGGAAGCTCGACT,54,scanmut_single_pos_77_T,68.59091064974137,-0.888968687611256,-0.44717143301221557
reverse,scanmut_single_pos_78_A,CCTAACTGGCCGCTTCACTGGTTCTCCCTTTGACGTCAATGGGGTGTCTGAAAGACGTCACAGTATGACGGCCATGGGATCTGGCAGCTGACGTCACTGTCTGGTGCGGTACCTGAGCTCGCTAGCCTCGAGGATATCAAGATCTGGCCTCGGCGGCCAAGCTTAGACACTAGAGGGTATATAATGGAAGCTCGACT,59,scanmut_single_pos_78_A,90.09150255102216,-0.7612131404128835,-0.053797805637758024
reverse,scanmut_single_pos_78_C,CCTAACTGGCCGCTTCACTGGTTCTCCCGTTGACGTCAATGGGGTGTCTGAAAGACGTCACAGTATGACGGCCATGGGATCTGGCAGCTGACGTCACTGTCTGGTGCGGTACCTGAGCTCGCTAGCCTCGAGGATATCAAGATCTGGCCTCGGCGGCCAAGCTTAGACACTAGAGGGTATATAATGGAAGCTCGACT,73,scanmut_single_pos_78_C,82.21005660075492,-0.4540316308947075,-0.18587395594342257
reverse,scanmut_single_pos_78_G,CCTAACTGGCCGCTTCACTGGTTCTCCCCTTGACGTCAATGGGGTGTCTGAAAGACGTCACAGTATGACGGCCATGGGATCTGGCAGCTGACGTCACTGTCTGGTGCGGTACCTGAGCTCGCTAGCCTCGAGGATATCAAGATCTGGCCTCGGCGGCCAAGCTTAGACACTAGAGGGTATATAATGGAAGCTCGACT,57,scanmut_single_pos_78_G,93.51441973378633,-0.8109661756099832,0.0
reverse,scanmut_single_pos_79_A,CCTAACTGGCCGCTTCACTGGTTCTCCTATTGACGTCAATGGGGTGTCTGAAAGACGTCACAGTATGACGGCCATGGGATCTGGCAGCTGACGTCACTGTCTGGTGCGGTACCTGAGCTCGCTAGCCTCGAGGATATCAAGATCTGGCCTCGGCGGCCAAGCTTAGACACTAGAGGGTATATAATGGAAGCTCGACT,88,scanmut_single_pos_79_A,93.51441973378633,-0.18442457113742744,0.0
reverse,scanmut_single_pos_79_C,CCTAACTGGCCGCTTCACTGGTTCTCCGATTGACGTCAATGGGGTGTCTGAAAGACGTCACAGTATGACGGCCATGGGATCTGGCAGCTGACGTCACTGTCTGGTGCGGTACCTGAGCTCGCTAGCCTCGAGGATATCAAGATCTGGCCTCGGCGGCCAAGCTTAGACACTAGAGGGTATATAATGGAAGCTCGACT,94,scanmut_single_pos_79_C,93.51441973378633,-0.08926733809708741,0.0
reverse,scanmut_single_pos_79_T,CCTAACTGGCCGCTTCACTGGTTCTCCAATTGACGTCAATGGGGTGTCTGAAAGACGTCACAGTATGACGGCCATGGGATCTGGCAGCTGACGTCACTGTCTGGTGCGGTACCTGAGCTCGCTAGCCTCGAGGATATCAAGATCTGGCCTCGGCGGCCAAGCTTAGACACTAGAGGGTATATAATGGAAGCTCGACT,93,scanmut_single_pos_79_T,93.51441973378633,-0.10469737866669324,0.0
reverse,scanmut_single_pos_80_A,CCTAACTGGCCGCTTCACTGGTTCTCTCATTGACGTCAATGGGGTGTCTGAAAGACGTCACAGTATGACGGCCATGGGATCTGGCAGCTGACGTCACTGTCTGGTGCGGTACCTGAGCTCGCTAGCCTCGAGGATATCAAGATCTGGCCTCGGCGGCCAAGCTTAGACACTAGAGGGTATATAATGGAAGCTCGACT,92,scanmut_single_pos_80_A,93.51441973378633,-0.12029423371771177,0.0
reverse,scanmut_single_pos_80_C,CCTAACTGGCCGCTTCACTGGTTCTCGCATTGACGTCAATGGGGTGTCTGAAAGACGTCACAGTATGACGGCCATGGGATCTGGCAGCTGACGTCACTGTCTGGTGCGGTACCTGAGCTCGCTAGCCTCGAGGATATCAAGATCTGGCCTCGGCGGCCAAGCTTAGACACTAGAGGGTATATAATGGAAGCTCGACT,101,scanmut_single_pos_80_C,93.51441973378633,0.014355292977070054,0.0
reverse,scanmut_single_pos_80_T,CCTAACTGGCCGCTTCACTGGTTCTCACATTGACGTCAATGGGGTGTCTGAAAGACGTCACAGTATGACGGCCATGGGATCTGGCAGCTGACGTCACTGTCTGGTGCGGTACCTGAGCTCGCTAGCCTCGAGGATATCAAGATCTGGCCTCGGCGGCCAAGCTTAGACACTAGAGGGTATATAATGGAAGCTCGACT,92,scanmut_single_pos_80_T,93.51441973378633,-0.12029423371771177,0.0
reverse,scanmut_single_pos_81_A,CCTAACTGGCCGCTTCACTGGTTCTTCCATTGACGTCAATGGGGTGTCTGAAAGACGTCACAGTATGACGGCCATGGGATCTGGCAGCTGACGTCACTGTCTGGTGCGGTACCTGAGCTCGCTAGCCTCGAGGATATCAAGATCTGGCCTCGGCGGCCAAGCTTAGACACTAGAGGGTATATAATGGAAGCTCGACT,94,scanmut_single_pos_81_A,93.51441973378633,-0.08926733809708741,0.0
reverse,scanmut_single_pos_81_C,CCTAACTGGCCGCTTCACTGGTTCTGCCATTGACGTCAATGGGGTGTCTGAAAGACGTCACAGTATGACGGCCATGGGATCTGGCAGCTGACGTCACTGTCTGGTGCGGTACCTGAGCTCGCTAGCCTCGAGGATATCAAGATCTGGCCTCGGCGGCCAAGCTTAGACACTAGAGGGTATATAATGGAAGCTCGACT,92,scanmut_single_pos_81_C,93.51441973378633,-0.12029423371771177,0.0
reverse,scanmut_single_pos_81_T,CCTAACTGGCCGCTTCACTGGTTCTACCATTGACGTCAATGGGGTGTCTGAAAGACGTCACAGTATGACGGCCATGGGATCTGGCAGCTGACGTCACTGTCTGGTGCGGTACCTGAGCTCGCTAGCCTCGAGGATATCAAGATCTGGCCTCGGCGGCCAAGCTTAGACACTAGAGGGTATATAATGGAAGCTCGACT,89,scanmut_single_pos_81_T,93.51441973378633,-0.16812275880832692,0.0
reverse,scanmut_single_pos_82_C,CCTAACTGGCCGCTTCACTGGTTCGCCCATTGACGTCAATGGGGTGTCTGAAAGACGTCACAGTATGACGGCCATGGGATCTGGCAGCTGACGTCACTGTCTGGTGCGGTACCTGAGCTCGCTAGCCTCGAGGATATCAAGATCTGGCCTCGGCGGCCAAGCTTAGACACTAGAGGGTATATAATGGAAGCTCGACT,106,scanmut_single_pos_82_C,93.51441973378633,0.08406426478847455,0.0
reverse,scanmut_single_pos_82_G,CCTAACTGGCCGCTTCACTGGTTCCCCCATTGACGTCAATGGGGTGTCTGAAAGACGTCACAGTATGACGGCCATGGGATCTGGCAGCTGACGTCACTGTCTGGTGCGGTACCTGAGCTCGCTAGCCTCGAGGATATCAAGATCTGGCCTCGGCGGCCAAGCTTAGACACTAGAGGGTATATAATGGAAGCTCGACT,95,scanmut_single_pos_82_G,93.51441973378633,-0.07400058144377693,0.0
reverse,scanmut_single_pos_82_T,CCTAACTGGCCGCTTCACTGGTTCACCCATTGACGTCAATGGGGTGTCTGAAAGACGTCACAGTATGACGGCCATGGGATCTGGCAGCTGACGTCACTGTCTGGTGCGGTACCTGAGCTCGCTAGCCTCGAGGATATCAAGATCTGGCCTCGGCGGCCAAGCTTAGACACTAGAGGGTATATAATGGAAGCTCGACT,97,scanmut_single_pos_82_T,83.04421909744937,-0.043943347587597055,-0.17130910049867878
reverse,scanmut_single_pos_83_A,CCTAACTGGCCGCTTCACTGGTTTTCCCATTGACGTCAATGGGGTGTCTGAAAGACGTCACAGTATGACGGCCATGGGATCTGGCAGCTGACGTCACTGTCTGGTGCGGTACCTGAGCTCGCTAGCCTCGAGGATATCAAGATCTGGCCTCGGCGGCCAAGCTTAGACACTAGAGGGTATATAATGGAAGCTCGACT,101,scanmut_single_pos_83_A,93.51441973378633,0.014355292977070054,0.0
reverse,scanmut_single_pos_83_C,CCTAACTGGCCGCTTCACTGGTTGTCCCATTGACGTCAATGGGGTGTCTGAAAGACGTCACAGTATGACGGCCATGGGATCTGGCAGCTGACGTCACTGTCTGGTGCGGTACCTGAGCTCGCTAGCCTCGAGGATATCAAGATCTGGCCTCGGCGGCCAAGCTTAGACACTAGAGGGTATATAATGGAAGCTCGACT,96,scanmut_single_pos_83_C,93.51441973378633,-0.058893689053568565,0.0
reverse,scanmut_single_pos_83_T,CCTAACTGGCCGCTTCACTGGTTATCCCATTGACGTCAATGGGGTGTCTGAAAGACGTCACAGTATGACGGCCATGGGATCTGGCAGCTGACGTCACTGTCTGGTGCGGTACCTGAGCTCGCTAGCCTCGAGGATATCAAGATCTGGCCTCGGCGGCCAAGCTTAGACACTAGAGGGTATATAATGGAAGCTCGACT,103,scanmut_single_pos_83_T,93.51441973378633,0.04264433740849372,0.0
reverse,scanmut_single_pos_84_C,CCTAACTGGCCGCTTCACTGGTGCTCCCATTGACGTCAATGGGGTGTCTGAAAGACGTCACAGTATGACGGCCATGGGATCTGGCAGCTGACGTCACTGTCTGGTGCGGTACCTGAGCTCGCTAGCCTCGAGGATATCAAGATCTGGCCTCGGCGGCCAAGCTTAGACACTAGAGGGTATATAATGGAAGCTCGACT,121,scanmut_single_pos_84_C,92.06650499363032,0.27500704749986976,-0.02251246247642021
reverse,scanmut_single_pos_84_G,CCTAACTGGCCGCTTCACTGGTCCTCCCATTGACGTCAATGGGGTGTCTGAAAGACGTCACAGTATGACGGCCATGGGATCTGGCAGCTGACGTCACTGTCTGGTGCGGTACCTGAGCTCGCTAGCCTCGAGGATATCAAGATCTGGCCTCGGCGGCCAAGCTTAGACACTAGAGGGTATATAATGGAAGCTCGACT,138,scanmut_single_pos_84_G,93.51441973378633,0.46466826700344427,0.0
reverse,scanmut_single_pos_84_T,CCTAACTGGCCGCTTCACTGGTACTCCCATTGACGTCAATGGGGTGTCTGAAAGACGTCACAGTATGACGGCCATGGGATCTGGCAGCTGACGTCACTGTCTGGTGCGGTACCTGAGCTCGCTAGCCTCGAGGATATCAAGATCTGGCCTCGGCGGCCAAGCTTAGACACTAGAGGGTATATAATGGAAGCTCGACT,106,scanmut_single_pos_84_T,91.93937567114614,0.08406426478847455,-0.024505973462261455
reverse,scanmut_single_pos_85_C,CCTAACTGGCCGCTTCACTGGGTCTCCCATTGACGTCAATGGGGTGTCTGAAAGACGTCACAGTATGACGGCCATGGGATCTGGCAGCTGACGTCACTGTCTGGTGCGGTACCTGAGCTCGCTAGCCTCGAGGATATCAAGATCTGGCCTCGGCGGCCAAGCTTAGACACTAGAGGGTATATAATGGAAGCTCGACT,106,scanmut_single_pos_85_C,93.51441973378633,0.08406426478847455,0.0
reverse,scanmut_single_pos_85_G,CCTAACTGGCCGCTTCACTGGCTCTCCCATTGACGTCAATGGGGTGTCTGAAAGACGTCACAGTATGACGGCCATGGGATCTGGCAGCTGACGTCACTGTCTGGTGCGGTACCTGAGCTCGCTAGCCTCGAGGATATCAAGATCTGGCCTCGGCGGCCAAGCTTAGACACTAGAGGGTATATAATGGAAGCTCGACT,100,scanmut_single_pos_85_G,93.51441973378633,0.0,0.0
reverse,scanmut_single_pos_85_T,CCTAACTGGCCGCTTCACTGGATCTCCCATTGACGTCAATGGGGTGTCTGAAAGACGTCACAGTATGACGGCCATGGGATCTGGCAGCTGACGTCACTGTCTGGTGCGGTACCTGAGCTCGCTAGCCTCGAGGATATCAAGATCTGGCCTCGGCGGCCAAGCTTAGACACTAGAGGGTATATAATGGAAGCTCGACT,98,scanmut_single_pos_85_T,93.51441973378633,-0.029146345659516508,0.0
reverse,scanmut_single_pos_86_A,CCTAACTGGCCGCTTCACTGTTTCTCCCATTGACGTCAATGGGGTGTCTGAAAGACGTCACAGTATGACGGCCATGGGATCTGGCAGCTGACGTCACTGTCTGGTGCGGTACCTGAGCTCGCTAGCCTCGAGGATATCAAGATCTGGCCTCGGCGGCCAAGCTTAGACACTAGAGGGTATATAATGGAAGCTCGACT,102,scanmut_single_pos_86_A,93.51441973378633,0.02856915219677092,0.0
reverse,scanmut_single_pos_86_G,CCTAACTGGCCGCTTCACTGCTTCTCCCATTGACGTCAATGGGGTGTCTGAAAGACGTCACAGTATGACGGCCATGGGATCTGGCAGCTGACGTCACTGTCTGGTGCGGTACCTGAGCTCGCTAGCCTCGAGGATATCAAGATCTGGCCTCGGCGGCCAAGCTTAGACACTAGAGGGTATATAATGGAAGCTCGACT,100,scanmut_single_pos_86_G,93.51441973378633,0.0,0.0
reverse,scanmut_single_pos_86_T,CCTAACTGGCCGCTTCACTGATTCTCCCATTGACGTCAATGGGGTGTCTGAAAGACGTCACAGTATGACGGCCATGGGATCTGGCAGCTGACGTCACTGTCTGGTGCGGTACCTGAGCTCGCTAGCCTCGAGGATATCAAGATCTGGCCTCGGCGGCCAAGCTTAGACACTAGAGGGTATATAATGGAAGCTCGACT,98,scanmut_single_pos_86_T,93.51441973378633,-0.029146345659516508,0.0
