TF_count,combination,R,R_squared,RMSE,N,file
1,ATF1,0.09700656930915968,0.009410274489132802,0.5653333721389224,260,C:\Users\User\Documents\Codex\2026-06-03\https-github-com-kennethabarr-transcpp-https\work\transcpp-master\CRE_enalizing\singlehit\selfcompetition-off\1TF\CRE_1TF_selfoff_singlehit_fullanneal_1_scramble_rate_invert.txt
1,ATF4,-0.05090843001395048,0.0025916682464852936,4.753517783153766,260,C:\Users\User\Documents\Codex\2026-06-03\https-github-com-kennethabarr-transcpp-https\work\transcpp-master\CRE_enalizing\singlehit\selfcompetition-off\1TF\CRE_1TF_selfoff_singlehit_fullanneal_2_scramble_rate_invert.txt
1,ATF7,0.6442399853449864,0.4150451587173083,0.3496910130468014,260,C:\Users\User\Documents\Codex\2026-06-03\https-github-com-kennethabarr-transcpp-https\work\transcpp-master\CRE_enalizing\singlehit\selfcompetition-off\1TF\CRE_1TF_selfoff_singlehit_fullanneal_3_scramble_rate_invert.txt
1,CREB1,0.6081412557297993,0.36983578692061714,0.3581446739552916,260,C:\Users\User\Documents\Codex\2026-06-03\https-github-com-kennethabarr-transcpp-https\work\transcpp-master\CRE_enalizing\singlehit\selfcompetition-off\1TF\CRE_1TF_selfoff_singlehit_fullanneal_4_scramble_rate_invert.txt
1,CREB3,0.3862006591024713,0.14915094909118326,0.43520551259036416,260,C:\Users\User\Documents\Codex\2026-06-03\https-github-com-kennethabarr-transcpp-https\work\transcpp-master\CRE_enalizing\singlehit\selfcompetition-off\1TF\CRE_1TF_selfoff_singlehit_fullanneal_5_scramble_rate_invert.txt
1,CREB5,0.6618849813798713,0.4380917285762326,0.3439893805888622,260,C:\Users\User\Documents\Codex\2026-06-03\https-github-com-kennethabarr-transcpp-https\work\transcpp-master\CRE_enalizing\singlehit\selfcompetition-off\1TF\CRE_1TF_selfoff_singlehit_fullanneal_6_scramble_rate_invert.txt
1,CREM,0.6251926027053797,0.39086579047752673,0.34742372656355913,260,C:\Users\User\Documents\Codex\2026-06-03\https-github-com-kennethabarr-transcpp-https\work\transcpp-master\CRE_enalizing\singlehit\selfcompetition-off\1TF\CRE_1TF_selfoff_singlehit_fullanneal_7_scramble_rate_invert.txt
2,ATF1_ATF4,0.16500210305770074,0.027225694013464096,0.5048145993584255,260,C:\Users\User\Documents\Codex\2026-06-03\https-github-com-kennethabarr-transcpp-https\work\transcpp-master\CRE_enalizing\singlehit\selfcompetition-off\2TF\CRE_2TF_selfoff_singlehit_fullanneal_comb_01_ATF1_ATF4_rate_invert.txt
2,ATF1_ATF7,0.6462769096211582,0.41767384390947476,0.3479405279312564,260,C:\Users\User\Documents\Codex\2026-06-03\https-github-com-kennethabarr-transcpp-https\work\transcpp-master\CRE_enalizing\singlehit\selfcompetition-off\2TF\CRE_2TF_selfoff_singlehit_fullanneal_comb_02_ATF1_ATF7_rate_invert.txt
2,ATF1_CREB1,0.6103754492598759,0.3725581890591953,0.3587884351771999,260,C:\Users\User\Documents\Codex\2026-06-03\https-github-com-kennethabarr-transcpp-https\work\transcpp-master\CRE_enalizing\singlehit\selfcompetition-off\2TF\CRE_2TF_selfoff_singlehit_fullanneal_comb_03_ATF1_CREB1_rate_invert.txt
2,ATF1_CREB3,0.4254040167115378,0.18096857743431036,0.4213519992307093,260,C:\Users\User\Documents\Codex\2026-06-03\https-github-com-kennethabarr-transcpp-https\work\transcpp-master\CRE_enalizing\singlehit\selfcompetition-off\2TF\CRE_2TF_selfoff_singlehit_fullanneal_comb_04_ATF1_CREB3_rate_invert.txt
2,ATF1_CREB5,0.664551433256354,0.44162860744307436,0.3442625391239294,260,C:\Users\User\Documents\Codex\2026-06-03\https-github-com-kennethabarr-transcpp-https\work\transcpp-master\CRE_enalizing\singlehit\selfcompetition-off\2TF\CRE_2TF_selfoff_singlehit_fullanneal_comb_05_ATF1_CREB5_rate_invert.txt
2,ATF1_CREM,0.5762547910679934,0.3320695842288167,0.36336939665995444,260,C:\Users\User\Documents\Codex\2026-06-03\https-github-com-kennethabarr-transcpp-https\work\transcpp-master\CRE_enalizing\singlehit\selfcompetition-off\2TF\CRE_2TF_selfoff_singlehit_fullanneal_comb_06_ATF1_CREM_rate_invert.txt
2,ATF4_ATF7,0.645834204079408,0.41710181915888234,0.349872541624498,260,C:\Users\User\Documents\Codex\2026-06-03\https-github-com-kennethabarr-transcpp-https\work\transcpp-master\CRE_enalizing\singlehit\selfcompetition-off\2TF\CRE_2TF_selfoff_singlehit_fullanneal_comb_07_ATF4_ATF7_rate_invert.txt
2,ATF4_CREB1,0.6541554213324113,0.4279193152585846,0.35117539382735086,260,C:\Users\User\Documents\Codex\2026-06-03\https-github-com-kennethabarr-transcpp-https\work\transcpp-master\CRE_enalizing\singlehit\selfcompetition-off\2TF\CRE_2TF_selfoff_singlehit_fullanneal_comb_08_ATF4_CREB1_rate_invert.txt
2,ATF4_CREB3,0.5452436169617306,0.29729060183751044,0.4068889978640782,260,C:\Users\User\Documents\Codex\2026-06-03\https-github-com-kennethabarr-transcpp-https\work\transcpp-master\CRE_enalizing\singlehit\selfcompetition-off\2TF\CRE_2TF_selfoff_singlehit_fullanneal_comb_09_ATF4_CREB3_rate_invert.txt
2,ATF4_CREB5,0.6631571046444639,0.4397773454404284,0.3445424228390902,260,C:\Users\User\Documents\Codex\2026-06-03\https-github-com-kennethabarr-transcpp-https\work\transcpp-master\CRE_enalizing\singlehit\selfcompetition-off\2TF\CRE_2TF_selfoff_singlehit_fullanneal_comb_10_ATF4_CREB5_rate_invert.txt
2,ATF4_CREM,0.738285870688174,0.5450660268577951,0.3132926392841983,260,C:\Users\User\Documents\Codex\2026-06-03\https-github-com-kennethabarr-transcpp-https\work\transcpp-master\CRE_enalizing\singlehit\selfcompetition-off\2TF\CRE_2TF_selfoff_singlehit_fullanneal_comb_11_ATF4_CREM_rate_invert.txt
2,ATF7_CREB1,0.7419312812807966,0.5504620261429645,0.3170965802308181,260,C:\Users\User\Documents\Codex\2026-06-03\https-github-com-kennethabarr-transcpp-https\work\transcpp-master\CRE_enalizing\singlehit\selfcompetition-off\2TF\CRE_2TF_selfoff_singlehit_fullanneal_comb_12_ATF7_CREB1_rate_invert.txt
2,ATF7_CREB3,0.6699985784379434,0.448898095108865,0.34418363977237454,260,C:\Users\User\Documents\Codex\2026-06-03\https-github-com-kennethabarr-transcpp-https\work\transcpp-master\CRE_enalizing\singlehit\selfcompetition-off\2TF\CRE_2TF_selfoff_singlehit_fullanneal_comb_13_ATF7_CREB3_rate_invert.txt
2,ATF7_CREB5,0.7446515577531607,0.5545059424642088,0.30654613530362124,260,C:\Users\User\Documents\Codex\2026-06-03\https-github-com-kennethabarr-transcpp-https\work\transcpp-master\CRE_enalizing\singlehit\selfcompetition-off\2TF\CRE_2TF_selfoff_singlehit_fullanneal_comb_14_ATF7_CREB5_rate_invert.txt
2,ATF7_CREM,0.7274354285738712,0.5291623027444518,0.30713693310239776,260,C:\Users\User\Documents\Codex\2026-06-03\https-github-com-kennethabarr-transcpp-https\work\transcpp-master\CRE_enalizing\singlehit\selfcompetition-off\2TF\CRE_2TF_selfoff_singlehit_fullanneal_comb_15_ATF7_CREM_rate_invert.txt
2,CREB1_CREB3,0.5888919389490899,0.3467937157592186,0.36471845762779076,260,C:\Users\User\Documents\Codex\2026-06-03\https-github-com-kennethabarr-transcpp-https\work\transcpp-master\CRE_enalizing\singlehit\selfcompetition-off\2TF\CRE_2TF_selfoff_singlehit_fullanneal_comb_16_CREB1_CREB3_rate_invert.txt
2,CREB1_CREB5,0.7334600288601426,0.5379636139355213,0.31762156678877457,260,C:\Users\User\Documents\Codex\2026-06-03\https-github-com-kennethabarr-transcpp-https\work\transcpp-master\CRE_enalizing\singlehit\selfcompetition-off\2TF\CRE_2TF_selfoff_singlehit_fullanneal_comb_17_CREB1_CREB5_rate_invert.txt
2,CREB1_CREM,0.8168836581884479,0.667298911015341,0.2554451744824296,260,C:\Users\User\Documents\Codex\2026-06-03\https-github-com-kennethabarr-transcpp-https\work\transcpp-master\CRE_enalizing\singlehit\selfcompetition-off\2TF\CRE_2TF_selfoff_singlehit_fullanneal_comb_18_CREB1_CREM_rate_invert.txt
2,CREB3_CREB5,0.7083488238597864,0.5017580562635426,0.3350242004174656,260,C:\Users\User\Documents\Codex\2026-06-03\https-github-com-kennethabarr-transcpp-https\work\transcpp-master\CRE_enalizing\singlehit\selfcompetition-off\2TF\CRE_2TF_selfoff_singlehit_fullanneal_comb_19_CREB3_CREB5_rate_invert.txt
2,CREB3_CREM,0.7461528439708724,0.5567440665658211,0.2963039767596466,260,C:\Users\User\Documents\Codex\2026-06-03\https-github-com-kennethabarr-transcpp-https\work\transcpp-master\CRE_enalizing\singlehit\selfcompetition-off\2TF\CRE_2TF_selfoff_singlehit_fullanneal_comb_20_CREB3_CREM_rate_invert.txt
2,CREB5_CREM,0.7297144569065244,0.5324831886183838,0.31181443447466767,260,C:\Users\User\Documents\Codex\2026-06-03\https-github-com-kennethabarr-transcpp-https\work\transcpp-master\CRE_enalizing\singlehit\selfcompetition-off\2TF\CRE_2TF_selfoff_singlehit_fullanneal_comb_21_CREB5_CREM_rate_invert.txt
3,ATF1_ATF4_ATF7,0.6486630222470854,0.4207637164307228,0.3497710156407343,260,C:\Users\User\Documents\Codex\2026-06-03\https-github-com-kennethabarr-transcpp-https\work\transcpp-master\CRE_enalizing\singlehit\selfcompetition-off\3TF\CRE_3TF_selfoff_singlehit_fullanneal_comb_01_ATF1_ATF4_ATF7_rate_invert.txt
3,ATF1_ATF4_CREB1,0.6574626864684119,0.43225718409826125,0.35246121256755647,260,C:\Users\User\Documents\Codex\2026-06-03\https-github-com-kennethabarr-transcpp-https\work\transcpp-master\CRE_enalizing\singlehit\selfcompetition-off\3TF\CRE_3TF_selfoff_singlehit_fullanneal_comb_02_ATF1_ATF4_CREB1_rate_invert.txt
3,ATF1_ATF4_CREB3,0.5503892101522979,0.30292828265207034,0.4065795948218818,260,C:\Users\User\Documents\Codex\2026-06-03\https-github-com-kennethabarr-transcpp-https\work\transcpp-master\CRE_enalizing\singlehit\selfcompetition-off\3TF\CRE_3TF_selfoff_singlehit_fullanneal_comb_03_ATF1_ATF4_CREB3_rate_invert.txt
3,ATF1_ATF4_CREB5,0.6646519077976983,0.4417621585391201,0.34803458749629956,260,C:\Users\User\Documents\Codex\2026-06-03\https-github-com-kennethabarr-transcpp-https\work\transcpp-master\CRE_enalizing\singlehit\selfcompetition-off\3TF\CRE_3TF_selfoff_singlehit_fullanneal_comb_04_ATF1_ATF4_CREB5_rate_invert.txt
3,ATF1_ATF4_CREM,0.7429571303495641,0.5519852975372592,0.3144190557252055,260,C:\Users\User\Documents\Codex\2026-06-03\https-github-com-kennethabarr-transcpp-https\work\transcpp-master\CRE_enalizing\singlehit\selfcompetition-off\3TF\CRE_3TF_selfoff_singlehit_fullanneal_comb_05_ATF1_ATF4_CREM_rate_invert.txt
3,ATF1_ATF7_CREB1,0.7530321843329136,0.5670574706411993,0.296002303549345,260,C:\Users\User\Documents\Codex\2026-06-03\https-github-com-kennethabarr-transcpp-https\work\transcpp-master\CRE_enalizing\singlehit\selfcompetition-off\3TF\CRE_3TF_selfoff_singlehit_fullanneal_comb_06_ATF1_ATF7_CREB1_rate_invert.txt
3,ATF1_ATF7_CREB3,0.6727436669824771,0.45258404146503006,0.34420254409240525,260,C:\Users\User\Documents\Codex\2026-06-03\https-github-com-kennethabarr-transcpp-https\work\transcpp-master\CRE_enalizing\singlehit\selfcompetition-off\3TF\CRE_3TF_selfoff_singlehit_fullanneal_comb_07_ATF1_ATF7_CREB3_rate_invert.txt
3,ATF1_ATF7_CREB5,0.6946509755075478,0.4825399777735878,0.33795080750296985,260,C:\Users\User\Documents\Codex\2026-06-03\https-github-com-kennethabarr-transcpp-https\work\transcpp-master\CRE_enalizing\singlehit\selfcompetition-off\3TF\CRE_3TF_selfoff_singlehit_fullanneal_comb_08_ATF1_ATF7_CREB5_rate_invert.txt
3,ATF1_ATF7_CREM,0.7249915939358749,0.5256128112776804,0.3118742479420994,260,C:\Users\User\Documents\Codex\2026-06-03\https-github-com-kennethabarr-transcpp-https\work\transcpp-master\CRE_enalizing\singlehit\selfcompetition-off\3TF\CRE_3TF_selfoff_singlehit_fullanneal_comb_09_ATF1_ATF7_CREM_rate_invert.txt
3,ATF1_CREB1_CREB3,0.6268190560686596,0.39290212905080546,0.3560629326314657,260,C:\Users\User\Documents\Codex\2026-06-03\https-github-com-kennethabarr-transcpp-https\work\transcpp-master\CRE_enalizing\singlehit\selfcompetition-off\3TF\CRE_3TF_selfoff_singlehit_fullanneal_comb_10_ATF1_CREB1_CREB3_rate_invert.txt
3,ATF1_CREB1_CREB5,0.7419352816047996,0.5504679620899933,0.30854590118067465,260,C:\Users\User\Documents\Codex\2026-06-03\https-github-com-kennethabarr-transcpp-https\work\transcpp-master\CRE_enalizing\singlehit\selfcompetition-off\3TF\CRE_3TF_selfoff_singlehit_fullanneal_comb_11_ATF1_CREB1_CREB5_rate_invert.txt
3,ATF1_CREB1_CREM,0.8188105716750447,0.6704507522868135,0.25446930259205575,260,C:\Users\User\Documents\Codex\2026-06-03\https-github-com-kennethabarr-transcpp-https\work\transcpp-master\CRE_enalizing\singlehit\selfcompetition-off\3TF\CRE_3TF_selfoff_singlehit_fullanneal_comb_12_ATF1_CREB1_CREM_rate_invert.txt
3,ATF1_CREB3_CREB5,0.6626576637387888,0.43911517931174965,0.3448099692750619,260,C:\Users\User\Documents\Codex\2026-06-03\https-github-com-kennethabarr-transcpp-https\work\transcpp-master\CRE_enalizing\singlehit\selfcompetition-off\3TF\CRE_3TF_selfoff_singlehit_fullanneal_comb_13_ATF1_CREB3_CREB5_rate_invert.txt
3,ATF1_CREB3_CREM,0.7529746283748516,0.5669707909762459,0.2919060517743757,260,C:\Users\User\Documents\Codex\2026-06-03\https-github-com-kennethabarr-transcpp-https\work\transcpp-master\CRE_enalizing\singlehit\selfcompetition-off\3TF\CRE_3TF_selfoff_singlehit_fullanneal_comb_14_ATF1_CREB3_CREM_rate_invert.txt
3,ATF1_CREB5_CREM,0.705248345004466,0.4973752281315383,0.32007171750500424,260,C:\Users\User\Documents\Codex\2026-06-03\https-github-com-kennethabarr-transcpp-https\work\transcpp-master\CRE_enalizing\singlehit\selfcompetition-off\3TF\CRE_3TF_selfoff_singlehit_fullanneal_comb_15_ATF1_CREB5_CREM_rate_invert.txt
3,ATF4_ATF7_CREB1,0.7761209598630426,0.6023637443387306,0.2881145075508295,260,C:\Users\User\Documents\Codex\2026-06-03\https-github-com-kennethabarr-transcpp-https\work\transcpp-master\CRE_enalizing\singlehit\selfcompetition-off\3TF\CRE_3TF_selfoff_singlehit_fullanneal_comb_16_ATF4_ATF7_CREB1_rate_invert.txt
3,ATF4_ATF7_CREB3,0.6717936114835003,0.4513066564300441,0.34437886056236555,260,C:\Users\User\Documents\Codex\2026-06-03\https-github-com-kennethabarr-transcpp-https\work\transcpp-master\CRE_enalizing\singlehit\selfcompetition-off\3TF\CRE_3TF_selfoff_singlehit_fullanneal_comb_17_ATF4_ATF7_CREB3_rate_invert.txt
3,ATF4_ATF7_CREB5,0.6901757032177629,0.4763425013121335,0.33769697515669045,260,C:\Users\User\Documents\Codex\2026-06-03\https-github-com-kennethabarr-transcpp-https\work\transcpp-master\CRE_enalizing\singlehit\selfcompetition-off\3TF\CRE_3TF_selfoff_singlehit_fullanneal_comb_18_ATF4_ATF7_CREB5_rate_invert.txt
3,ATF4_ATF7_CREM,0.7285595477110306,0.5307990145609015,0.3070166031094477,260,C:\Users\User\Documents\Codex\2026-06-03\https-github-com-kennethabarr-transcpp-https\work\transcpp-master\CRE_enalizing\singlehit\selfcompetition-off\3TF\CRE_3TF_selfoff_singlehit_fullanneal_comb_19_ATF4_ATF7_CREM_rate_invert.txt
3,ATF4_CREB1_CREB3,0.7405532754968598,0.5484191538491279,0.3028434919315007,260,C:\Users\User\Documents\Codex\2026-06-03\https-github-com-kennethabarr-transcpp-https\work\transcpp-master\CRE_enalizing\singlehit\selfcompetition-off\3TF\CRE_3TF_selfoff_singlehit_fullanneal_comb_20_ATF4_CREB1_CREB3_rate_invert.txt
3,ATF4_CREB1_CREB5,0.7537564050350936,0.568148718131428,0.3013409391009941,260,C:\Users\User\Documents\Codex\2026-06-03\https-github-com-kennethabarr-transcpp-https\work\transcpp-master\CRE_enalizing\singlehit\selfcompetition-off\3TF\CRE_3TF_selfoff_singlehit_fullanneal_comb_21_ATF4_CREB1_CREB5_rate_invert.txt
3,ATF4_CREB1_CREM,0.8260926849626958,0.6824291241488758,0.2523110023072214,260,C:\Users\User\Documents\Codex\2026-06-03\https-github-com-kennethabarr-transcpp-https\work\transcpp-master\CRE_enalizing\singlehit\selfcompetition-off\3TF\CRE_3TF_selfoff_singlehit_fullanneal_comb_22_ATF4_CREB1_CREM_rate_invert.txt
3,ATF4_CREB3_CREB5,0.6777199259238569,0.45930429799423805,0.3415271335582225,260,C:\Users\User\Documents\Codex\2026-06-03\https-github-com-kennethabarr-transcpp-https\work\transcpp-master\CRE_enalizing\singlehit\selfcompetition-off\3TF\CRE_3TF_selfoff_singlehit_fullanneal_comb_23_ATF4_CREB3_CREB5_rate_invert.txt
3,ATF4_CREB3_CREM,0.7419370225953075,0.5504705454975898,0.30268241474153035,260,C:\Users\User\Documents\Codex\2026-06-03\https-github-com-kennethabarr-transcpp-https\work\transcpp-master\CRE_enalizing\singlehit\selfcompetition-off\3TF\CRE_3TF_selfoff_singlehit_fullanneal_comb_24_ATF4_CREB3_CREM_rate_invert.txt
3,ATF4_CREB5_CREM,0.6856486791237045,0.47011411118408075,0.33040482770509755,260,C:\Users\User\Documents\Codex\2026-06-03\https-github-com-kennethabarr-transcpp-https\work\transcpp-master\CRE_enalizing\singlehit\selfcompetition-off\3TF\CRE_3TF_selfoff_singlehit_fullanneal_comb_25_ATF4_CREB5_CREM_rate_invert.txt
3,ATF7_CREB1_CREB3,0.7771093499085009,0.6038989417152129,0.28811000483162347,260,C:\Users\User\Documents\Codex\2026-06-03\https-github-com-kennethabarr-transcpp-https\work\transcpp-master\CRE_enalizing\singlehit\selfcompetition-off\3TF\CRE_3TF_selfoff_singlehit_fullanneal_comb_26_ATF7_CREB1_CREB3_rate_invert.txt
3,ATF7_CREB1_CREB5,0.7975575503301393,0.6360980460886126,0.2691126717585134,260,C:\Users\User\Documents\Codex\2026-06-03\https-github-com-kennethabarr-transcpp-https\work\transcpp-master\CRE_enalizing\singlehit\selfcompetition-off\3TF\CRE_3TF_selfoff_singlehit_fullanneal_comb_27_ATF7_CREB1_CREB5_rate_invert.txt
3,ATF7_CREB1_CREM,0.8435134885266126,0.7115150053263357,0.24230293375783477,260,C:\Users\User\Documents\Codex\2026-06-03\https-github-com-kennethabarr-transcpp-https\work\transcpp-master\CRE_enalizing\singlehit\selfcompetition-off\3TF\CRE_3TF_selfoff_singlehit_fullanneal_comb_28_ATF7_CREB1_CREM_rate_invert.txt
3,ATF7_CREB3_CREB5,0.7570235620250778,0.5730846734611368,0.3023273268533384,260,C:\Users\User\Documents\Codex\2026-06-03\https-github-com-kennethabarr-transcpp-https\work\transcpp-master\CRE_enalizing\singlehit\selfcompetition-off\3TF\CRE_3TF_selfoff_singlehit_fullanneal_comb_29_ATF7_CREB3_CREB5_rate_invert.txt
3,ATF7_CREB3_CREM,0.7777039239767911,0.6048233933688985,0.2778879555080383,260,C:\Users\User\Documents\Codex\2026-06-03\https-github-com-kennethabarr-transcpp-https\work\transcpp-master\CRE_enalizing\singlehit\selfcompetition-off\3TF\CRE_3TF_selfoff_singlehit_fullanneal_comb_30_ATF7_CREB3_CREM_rate_invert.txt
3,ATF7_CREB5_CREM,0.7941735681673092,0.6307116563755958,0.2714326458213485,260,C:\Users\User\Documents\Codex\2026-06-03\https-github-com-kennethabarr-transcpp-https\work\transcpp-master\CRE_enalizing\singlehit\selfcompetition-off\3TF\CRE_3TF_selfoff_singlehit_fullanneal_comb_31_ATF7_CREB5_CREM_rate_invert.txt
3,CREB1_CREB3_CREB5,0.7880805417918526,0.6210709403509399,0.2785201693419456,260,C:\Users\User\Documents\Codex\2026-06-03\https-github-com-kennethabarr-transcpp-https\work\transcpp-master\CRE_enalizing\singlehit\selfcompetition-off\3TF\CRE_3TF_selfoff_singlehit_fullanneal_comb_32_CREB1_CREB3_CREB5_rate_invert.txt
3,CREB1_CREB3_CREM,0.8396601123218916,0.7050291042244117,0.2371386608242533,260,C:\Users\User\Documents\Codex\2026-06-03\https-github-com-kennethabarr-transcpp-https\work\transcpp-master\CRE_enalizing\singlehit\selfcompetition-off\3TF\CRE_3TF_selfoff_singlehit_fullanneal_comb_33_CREB1_CREB3_CREM_rate_invert.txt
3,CREB1_CREB5_CREM,0.8333503870339943,0.6944728675697082,0.2503790923959524,260,C:\Users\User\Documents\Codex\2026-06-03\https-github-com-kennethabarr-transcpp-https\work\transcpp-master\CRE_enalizing\singlehit\selfcompetition-off\3TF\CRE_3TF_selfoff_singlehit_fullanneal_comb_34_CREB1_CREB5_CREM_rate_invert.txt
3,CREB3_CREB5_CREM,0.7089730535299269,0.5026427906315486,0.31693477809306375,260,C:\Users\User\Documents\Codex\2026-06-03\https-github-com-kennethabarr-transcpp-https\work\transcpp-master\CRE_enalizing\singlehit\selfcompetition-off\3TF\CRE_3TF_selfoff_singlehit_fullanneal_comb_35_CREB3_CREB5_CREM_rate_invert.txt
4,ATF1_ATF4_ATF7_CREB1,0.7452980291843206,0.5554691523060324,0.3163012896337223,260,C:\Users\User\Documents\Codex\2026-06-03\https-github-com-kennethabarr-transcpp-https\work\transcpp-master\CRE_enalizing\singlehit\selfcompetition-off\4TF\CRE_4TF_selfoff_singlehit_fullanneal_comb_01_ATF1_ATF4_ATF7_CREB1_rate_invert.txt
4,ATF1_ATF4_ATF7_CREB3,0.6585289696090015,0.43366040381429327,0.34880170763096285,260,C:\Users\User\Documents\Codex\2026-06-03\https-github-com-kennethabarr-transcpp-https\work\transcpp-master\CRE_enalizing\singlehit\selfcompetition-off\4TF\CRE_4TF_selfoff_singlehit_fullanneal_comb_02_ATF1_ATF4_ATF7_CREB3_rate_invert.txt
4,ATF1_ATF4_ATF7_CREB5,0.6868657675602472,0.47178458264612755,0.34048097501599517,260,C:\Users\User\Documents\Codex\2026-06-03\https-github-com-kennethabarr-transcpp-https\work\transcpp-master\CRE_enalizing\singlehit\selfcompetition-off\4TF\CRE_4TF_selfoff_singlehit_fullanneal_comb_03_ATF1_ATF4_ATF7_CREB5_rate_invert.txt
4,ATF1_ATF4_ATF7_CREM,0.7304205201850789,0.5335141363074412,0.30886048032305025,260,C:\Users\User\Documents\Codex\2026-06-03\https-github-com-kennethabarr-transcpp-https\work\transcpp-master\CRE_enalizing\singlehit\selfcompetition-off\4TF\CRE_4TF_selfoff_singlehit_fullanneal_comb_04_ATF1_ATF4_ATF7_CREM_rate_invert.txt
4,ATF1_ATF4_CREB1_CREB3,0.8122920738660793,0.6598184132656559,0.2697939553856556,260,C:\Users\User\Documents\Codex\2026-06-03\https-github-com-kennethabarr-transcpp-https\work\transcpp-master\CRE_enalizing\singlehit\selfcompetition-off\4TF\CRE_4TF_selfoff_singlehit_fullanneal_comb_05_ATF1_ATF4_CREB1_CREB3_rate_invert.txt
4,ATF1_ATF4_CREB1_CREB5,0.7310930230628883,0.5344970083712328,0.31826130144079445,260,C:\Users\User\Documents\Codex\2026-06-03\https-github-com-kennethabarr-transcpp-https\work\transcpp-master\CRE_enalizing\singlehit\selfcompetition-off\4TF\CRE_4TF_selfoff_singlehit_fullanneal_comb_06_ATF1_ATF4_CREB1_CREB5_rate_invert.txt
4,ATF1_ATF4_CREB1_CREM,0.8291909153416591,0.6875575740851385,0.2594290308517353,260,C:\Users\User\Documents\Codex\2026-06-03\https-github-com-kennethabarr-transcpp-https\work\transcpp-master\CRE_enalizing\singlehit\selfcompetition-off\4TF\CRE_4TF_selfoff_singlehit_fullanneal_comb_07_ATF1_ATF4_CREB1_CREM_rate_invert.txt
4,ATF1_ATF4_CREB3_CREB5,0.674298483789002,0.45467844524014706,0.34589454094923755,260,C:\Users\User\Documents\Codex\2026-06-03\https-github-com-kennethabarr-transcpp-https\work\transcpp-master\CRE_enalizing\singlehit\selfcompetition-off\4TF\CRE_4TF_selfoff_singlehit_fullanneal_comb_08_ATF1_ATF4_CREB3_CREB5_rate_invert.txt
4,ATF1_ATF4_CREB3_CREM,0.7882244830799109,0.6212978357265927,0.27793805795506343,260,C:\Users\User\Documents\Codex\2026-06-03\https-github-com-kennethabarr-transcpp-https\work\transcpp-master\CRE_enalizing\singlehit\selfcompetition-off\4TF\CRE_4TF_selfoff_singlehit_fullanneal_comb_09_ATF1_ATF4_CREB3_CREM_rate_invert.txt
4,ATF1_ATF4_CREB5_CREM,0.7560477579126051,0.5716082122446772,0.2969646554894945,260,C:\Users\User\Documents\Codex\2026-06-03\https-github-com-kennethabarr-transcpp-https\work\transcpp-master\CRE_enalizing\singlehit\selfcompetition-off\4TF\CRE_4TF_selfoff_singlehit_fullanneal_comb_10_ATF1_ATF4_CREB5_CREM_rate_invert.txt
4,ATF1_ATF7_CREB1_CREB3,0.7784581002674785,0.6059970138720516,0.28444797939613825,260,C:\Users\User\Documents\Codex\2026-06-03\https-github-com-kennethabarr-transcpp-https\work\transcpp-master\CRE_enalizing\singlehit\selfcompetition-off\4TF\CRE_4TF_selfoff_singlehit_fullanneal_comb_11_ATF1_ATF7_CREB1_CREB3_rate_invert.txt
4,ATF1_ATF7_CREB1_CREB5,0.7989911738565649,0.6383868959006915,0.2832517929714414,260,C:\Users\User\Documents\Codex\2026-06-03\https-github-com-kennethabarr-transcpp-https\work\transcpp-master\CRE_enalizing\singlehit\selfcompetition-off\4TF\CRE_4TF_selfoff_singlehit_fullanneal_comb_12_ATF1_ATF7_CREB1_CREB5_rate_invert.txt
4,ATF1_ATF7_CREB1_CREM,0.8453658491963582,0.7146434189874797,0.24188865190803,260,C:\Users\User\Documents\Codex\2026-06-03\https-github-com-kennethabarr-transcpp-https\work\transcpp-master\CRE_enalizing\singlehit\selfcompetition-off\4TF\CRE_4TF_selfoff_singlehit_fullanneal_comb_13_ATF1_ATF7_CREB1_CREM_rate_invert.txt
4,ATF1_ATF7_CREB3_CREB5,0.7128788404994523,0.5081962412318435,0.33234864604236397,260,C:\Users\User\Documents\Codex\2026-06-03\https-github-com-kennethabarr-transcpp-https\work\transcpp-master\CRE_enalizing\singlehit\selfcompetition-off\4TF\CRE_4TF_selfoff_singlehit_fullanneal_comb_14_ATF1_ATF7_CREB3_CREB5_rate_invert.txt
4,ATF1_ATF7_CREB3_CREM,0.7495768146057683,0.5618654009945303,0.303630281210413,260,C:\Users\User\Documents\Codex\2026-06-03\https-github-com-kennethabarr-transcpp-https\work\transcpp-master\CRE_enalizing\singlehit\selfcompetition-off\4TF\CRE_4TF_selfoff_singlehit_fullanneal_comb_15_ATF1_ATF7_CREB3_CREM_rate_invert.txt
4,ATF1_ATF7_CREB5_CREM,0.7963691749369831,0.6342038627898112,0.2720407894320469,260,C:\Users\User\Documents\Codex\2026-06-03\https-github-com-kennethabarr-transcpp-https\work\transcpp-master\CRE_enalizing\singlehit\selfcompetition-off\4TF\CRE_4TF_selfoff_singlehit_fullanneal_comb_16_ATF1_ATF7_CREB5_CREM_rate_invert.txt
4,ATF1_CREB1_CREB3_CREB5,0.7445500965486019,0.5543548462705324,0.3214421538643403,260,C:\Users\User\Documents\Codex\2026-06-03\https-github-com-kennethabarr-transcpp-https\work\transcpp-master\CRE_enalizing\singlehit\selfcompetition-off\4TF\CRE_4TF_selfoff_singlehit_fullanneal_comb_17_ATF1_CREB1_CREB3_CREB5_rate_invert.txt
4,ATF1_CREB1_CREB3_CREM,0.8412969022530002,0.7077804777404942,0.2366384099514983,260,C:\Users\User\Documents\Codex\2026-06-03\https-github-com-kennethabarr-transcpp-https\work\transcpp-master\CRE_enalizing\singlehit\selfcompetition-off\4TF\CRE_4TF_selfoff_singlehit_fullanneal_comb_18_ATF1_CREB1_CREB3_CREM_rate_invert.txt
4,ATF1_CREB1_CREB5_CREM,0.8430481908140625,0.7107302520348638,0.2504180177059021,260,C:\Users\User\Documents\Codex\2026-06-03\https-github-com-kennethabarr-transcpp-https\work\transcpp-master\CRE_enalizing\singlehit\selfcompetition-off\4TF\CRE_4TF_selfoff_singlehit_fullanneal_comb_19_ATF1_CREB1_CREB5_CREM_rate_invert.txt
4,ATF1_CREB3_CREB5_CREM,0.70277314722822,0.49389009646505744,0.32491258113364,260,C:\Users\User\Documents\Codex\2026-06-03\https-github-com-kennethabarr-transcpp-https\work\transcpp-master\CRE_enalizing\singlehit\selfcompetition-off\4TF\CRE_4TF_selfoff_singlehit_fullanneal_comb_20_ATF1_CREB3_CREB5_CREM_rate_invert.txt
4,ATF4_ATF7_CREB1_CREB3,0.7308554220640158,0.5341496479603707,0.3309394426527269,260,C:\Users\User\Documents\Codex\2026-06-03\https-github-com-kennethabarr-transcpp-https\work\transcpp-master\CRE_enalizing\singlehit\selfcompetition-off\4TF\CRE_4TF_selfoff_singlehit_fullanneal_comb_21_ATF4_ATF7_CREB1_CREB3_rate_invert.txt
4,ATF4_ATF7_CREB1_CREB5,0.8133622150862264,0.6615580929299728,0.2567941699798148,260,C:\Users\User\Documents\Codex\2026-06-03\https-github-com-kennethabarr-transcpp-https\work\transcpp-master\CRE_enalizing\singlehit\selfcompetition-off\4TF\CRE_4TF_selfoff_singlehit_fullanneal_comb_22_ATF4_ATF7_CREB1_CREB5_rate_invert.txt
4,ATF4_ATF7_CREB1_CREM,0.8436609130704088,0.7117637362427959,0.24238554744170127,260,C:\Users\User\Documents\Codex\2026-06-03\https-github-com-kennethabarr-transcpp-https\work\transcpp-master\CRE_enalizing\singlehit\selfcompetition-off\4TF\CRE_4TF_selfoff_singlehit_fullanneal_comb_23_ATF4_ATF7_CREB1_CREM_rate_invert.txt
4,ATF4_ATF7_CREB3_CREB5,0.7702750542037404,0.5933236591285752,0.28714071014220666,260,C:\Users\User\Documents\Codex\2026-06-03\https-github-com-kennethabarr-transcpp-https\work\transcpp-master\CRE_enalizing\singlehit\selfcompetition-off\4TF\CRE_4TF_selfoff_singlehit_fullanneal_comb_24_ATF4_ATF7_CREB3_CREB5_rate_invert.txt
4,ATF4_ATF7_CREB3_CREM,0.7649213009822298,0.585104596696347,0.28876313442360846,260,C:\Users\User\Documents\Codex\2026-06-03\https-github-com-kennethabarr-transcpp-https\work\transcpp-master\CRE_enalizing\singlehit\selfcompetition-off\4TF\CRE_4TF_selfoff_singlehit_fullanneal_comb_25_ATF4_ATF7_CREB3_CREM_rate_invert.txt
4,ATF4_ATF7_CREB5_CREM,0.7679596401373797,0.5897620088799338,0.2938032659867126,260,C:\Users\User\Documents\Codex\2026-06-03\https-github-com-kennethabarr-transcpp-https\work\transcpp-master\CRE_enalizing\singlehit\selfcompetition-off\4TF\CRE_4TF_selfoff_singlehit_fullanneal_comb_26_ATF4_ATF7_CREB5_CREM_rate_invert.txt
4,ATF4_CREB1_CREB3_CREB5,0.7719434241164664,0.5958966500366548,0.28723049235665704,260,C:\Users\User\Documents\Codex\2026-06-03\https-github-com-kennethabarr-transcpp-https\work\transcpp-master\CRE_enalizing\singlehit\selfcompetition-off\4TF\CRE_4TF_selfoff_singlehit_fullanneal_comb_27_ATF4_CREB1_CREB3_CREB5_rate_invert.txt
4,ATF4_CREB1_CREB3_CREM,0.8497882142584432,0.7221400090925537,0.2304625215137929,260,C:\Users\User\Documents\Codex\2026-06-03\https-github-com-kennethabarr-transcpp-https\work\transcpp-master\CRE_enalizing\singlehit\selfcompetition-off\4TF\CRE_4TF_selfoff_singlehit_fullanneal_comb_28_ATF4_CREB1_CREB3_CREM_rate_invert.txt
4,ATF4_CREB1_CREB5_CREM,0.8363129078207594,0.699419279787614,0.24505511352820297,260,C:\Users\User\Documents\Codex\2026-06-03\https-github-com-kennethabarr-transcpp-https\work\transcpp-master\CRE_enalizing\singlehit\selfcompetition-off\4TF\CRE_4TF_selfoff_singlehit_fullanneal_comb_29_ATF4_CREB1_CREB5_CREM_rate_invert.txt
4,ATF4_CREB3_CREB5_CREM,0.7885669593592011,0.6218378493930159,0.27329548621558175,260,C:\Users\User\Documents\Codex\2026-06-03\https-github-com-kennethabarr-transcpp-https\work\transcpp-master\CRE_enalizing\singlehit\selfcompetition-off\4TF\CRE_4TF_selfoff_singlehit_fullanneal_comb_30_ATF4_CREB3_CREB5_CREM_rate_invert.txt
4,ATF7_CREB1_CREB3_CREB5,0.806624522682916,0.650643120593442,0.26913035695661175,260,C:\Users\User\Documents\Codex\2026-06-03\https-github-com-kennethabarr-transcpp-https\work\transcpp-master\CRE_enalizing\singlehit\selfcompetition-off\4TF\CRE_4TF_selfoff_singlehit_fullanneal_comb_31_ATF7_CREB1_CREB3_CREB5_rate_invert.txt
4,ATF7_CREB1_CREB3_CREM,0.771663638100508,0.5954647703665118,0.28045180738589603,260,C:\Users\User\Documents\Codex\2026-06-03\https-github-com-kennethabarr-transcpp-https\work\transcpp-master\CRE_enalizing\singlehit\selfcompetition-off\4TF\CRE_4TF_selfoff_singlehit_fullanneal_comb_32_ATF7_CREB1_CREB3_CREM_rate_invert.txt
4,ATF7_CREB1_CREB5_CREM,0.8508353089254095,0.723920722914197,0.2344142164925595,260,C:\Users\User\Documents\Codex\2026-06-03\https-github-com-kennethabarr-transcpp-https\work\transcpp-master\CRE_enalizing\singlehit\selfcompetition-off\4TF\CRE_4TF_selfoff_singlehit_fullanneal_comb_33_ATF7_CREB1_CREB5_CREM_rate_invert.txt
4,ATF7_CREB3_CREB5_CREM,0.7886502372753241,0.6219691967544251,0.2813905126193501,260,C:\Users\User\Documents\Codex\2026-06-03\https-github-com-kennethabarr-transcpp-https\work\transcpp-master\CRE_enalizing\singlehit\selfcompetition-off\4TF\CRE_4TF_selfoff_singlehit_fullanneal_comb_34_ATF7_CREB3_CREB5_CREM_rate_invert.txt
4,CREB1_CREB3_CREB5_CREM,0.8463827964263063,0.7163638380864142,0.23936189238374225,260,C:\Users\User\Documents\Codex\2026-06-03\https-github-com-kennethabarr-transcpp-https\work\transcpp-master\CRE_enalizing\singlehit\selfcompetition-off\4TF\CRE_4TF_selfoff_singlehit_fullanneal_comb_35_CREB1_CREB3_CREB5_CREM_rate_invert.txt
5,ATF1_ATF4_ATF7_CREB1_CREB3,0.7905095903997134,0.6249054125139226,0.2789653928615528,260,C:\Users\User\Documents\Codex\2026-06-03\https-github-com-kennethabarr-transcpp-https\work\transcpp-master\CRE_enalizing\singlehit\selfcompetition-off\5TF\CRE_5TF_selfoff_singlehit_fullanneal_comb_01_ATF1_ATF4_ATF7_CREB1_CREB3_rate_invert.txt
5,ATF1_ATF4_ATF7_CREB1_CREB5,0.8402216552486294,0.7059724299487465,0.23480334355974608,260,C:\Users\User\Documents\Codex\2026-06-03\https-github-com-kennethabarr-transcpp-https\work\transcpp-master\CRE_enalizing\singlehit\selfcompetition-off\5TF\CRE_5TF_selfoff_singlehit_fullanneal_comb_02_ATF1_ATF4_ATF7_CREB1_CREB5_rate_invert.txt
5,ATF1_ATF4_ATF7_CREB1_CREM,0.8473722221283806,0.7180396828347896,0.2419559706849058,260,C:\Users\User\Documents\Codex\2026-06-03\https-github-com-kennethabarr-transcpp-https\work\transcpp-master\CRE_enalizing\singlehit\selfcompetition-off\5TF\CRE_5TF_selfoff_singlehit_fullanneal_comb_03_ATF1_ATF4_ATF7_CREB1_CREM_rate_invert.txt
5,ATF1_ATF4_ATF7_CREB3_CREB5,0.7725539673078194,0.5968396324030514,0.2869080730040979,260,C:\Users\User\Documents\Codex\2026-06-03\https-github-com-kennethabarr-transcpp-https\work\transcpp-master\CRE_enalizing\singlehit\selfcompetition-off\5TF\CRE_5TF_selfoff_singlehit_fullanneal_comb_04_ATF1_ATF4_ATF7_CREB3_CREB5_rate_invert.txt
5,ATF1_ATF4_ATF7_CREB3_CREM,0.7776917031963128,0.6048043852203818,0.2784061575913021,260,C:\Users\User\Documents\Codex\2026-06-03\https-github-com-kennethabarr-transcpp-https\work\transcpp-master\CRE_enalizing\singlehit\selfcompetition-off\5TF\CRE_5TF_selfoff_singlehit_fullanneal_comb_05_ATF1_ATF4_ATF7_CREB3_CREM_rate_invert.txt
5,ATF1_ATF4_ATF7_CREB5_CREM,0.7749651959447351,0.6005710549256617,0.2857461094714849,260,C:\Users\User\Documents\Codex\2026-06-03\https-github-com-kennethabarr-transcpp-https\work\transcpp-master\CRE_enalizing\singlehit\selfcompetition-off\5TF\CRE_5TF_selfoff_singlehit_fullanneal_comb_06_ATF1_ATF4_ATF7_CREB5_CREM_rate_invert.txt
5,ATF1_ATF4_CREB1_CREB3_CREB5,0.8362637528960725,0.6993370644078234,0.24123613051260598,260,C:\Users\User\Documents\Codex\2026-06-03\https-github-com-kennethabarr-transcpp-https\work\transcpp-master\CRE_enalizing\singlehit\selfcompetition-off\5TF\CRE_5TF_selfoff_singlehit_fullanneal_comb_07_ATF1_ATF4_CREB1_CREB3_CREB5_rate_invert.txt
5,ATF1_ATF4_CREB1_CREB3_CREM,0.8584703804317221,0.7369713940785856,0.22891996531652264,260,C:\Users\User\Documents\Codex\2026-06-03\https-github-com-kennethabarr-transcpp-https\work\transcpp-master\CRE_enalizing\singlehit\selfcompetition-off\5TF\CRE_5TF_selfoff_singlehit_fullanneal_comb_08_ATF1_ATF4_CREB1_CREB3_CREM_rate_invert.txt
5,ATF1_ATF4_CREB1_CREB5_CREM,0.7721946961234395,0.596284648721171,0.2924614407063008,260,C:\Users\User\Documents\Codex\2026-06-03\https-github-com-kennethabarr-transcpp-https\work\transcpp-master\CRE_enalizing\singlehit\selfcompetition-off\5TF\CRE_5TF_selfoff_singlehit_fullanneal_comb_09_ATF1_ATF4_CREB1_CREB5_CREM_rate_invert.txt
5,ATF1_ATF4_CREB3_CREB5_CREM,0.7834690887972798,0.61382381310084,0.2711224152101811,260,C:\Users\User\Documents\Codex\2026-06-03\https-github-com-kennethabarr-transcpp-https\work\transcpp-master\CRE_enalizing\singlehit\selfcompetition-off\5TF\CRE_5TF_selfoff_singlehit_fullanneal_comb_10_ATF1_ATF4_CREB3_CREB5_CREM_rate_invert.txt
5,ATF1_ATF7_CREB1_CREB3_CREB5,0.8326487419949384,0.6933039275457535,0.24678469299325898,260,C:\Users\User\Documents\Codex\2026-06-03\https-github-com-kennethabarr-transcpp-https\work\transcpp-master\CRE_enalizing\singlehit\selfcompetition-off\5TF\CRE_5TF_selfoff_singlehit_fullanneal_comb_11_ATF1_ATF7_CREB1_CREB3_CREB5_rate_invert.txt
5,ATF1_ATF7_CREB1_CREB3_CREM,0.8590913029550118,0.7380378668129398,0.22686773200689697,260,C:\Users\User\Documents\Codex\2026-06-03\https-github-com-kennethabarr-transcpp-https\work\transcpp-master\CRE_enalizing\singlehit\selfcompetition-off\5TF\CRE_5TF_selfoff_singlehit_fullanneal_comb_12_ATF1_ATF7_CREB1_CREB3_CREM_rate_invert.txt
5,ATF1_ATF7_CREB1_CREB5_CREM,0.8419639131360641,0.7089032310233937,0.24309093516042715,260,C:\Users\User\Documents\Codex\2026-06-03\https-github-com-kennethabarr-transcpp-https\work\transcpp-master\CRE_enalizing\singlehit\selfcompetition-off\5TF\CRE_5TF_selfoff_singlehit_fullanneal_comb_13_ATF1_ATF7_CREB1_CREB5_CREM_rate_invert.txt
5,ATF1_ATF7_CREB3_CREB5_CREM,0.7862793330796949,0.6182351896282497,0.27464272814337526,260,C:\Users\User\Documents\Codex\2026-06-03\https-github-com-kennethabarr-transcpp-https\work\transcpp-master\CRE_enalizing\singlehit\selfcompetition-off\5TF\CRE_5TF_selfoff_singlehit_fullanneal_comb_14_ATF1_ATF7_CREB3_CREB5_CREM_rate_invert.txt
5,ATF1_CREB1_CREB3_CREB5_CREM,0.8542492627764724,0.7297418029541466,0.2314015368601361,260,C:\Users\User\Documents\Codex\2026-06-03\https-github-com-kennethabarr-transcpp-https\work\transcpp-master\CRE_enalizing\singlehit\selfcompetition-off\5TF\CRE_5TF_selfoff_singlehit_fullanneal_comb_15_ATF1_CREB1_CREB3_CREB5_CREM_rate_invert.txt
5,ATF4_ATF7_CREB1_CREB3_CREB5,0.8021848089014921,0.6435004676323235,0.27193883774015065,260,C:\Users\User\Documents\Codex\2026-06-03\https-github-com-kennethabarr-transcpp-https\work\transcpp-master\CRE_enalizing\singlehit\selfcompetition-off\5TF\CRE_5TF_selfoff_singlehit_fullanneal_comb_16_ATF4_ATF7_CREB1_CREB3_CREB5_rate_invert.txt
5,ATF4_ATF7_CREB1_CREB3_CREM,0.8598666016520091,0.7393705726365749,0.2261377489045481,260,C:\Users\User\Documents\Codex\2026-06-03\https-github-com-kennethabarr-transcpp-https\work\transcpp-master\CRE_enalizing\singlehit\selfcompetition-off\5TF\CRE_5TF_selfoff_singlehit_fullanneal_comb_17_ATF4_ATF7_CREB1_CREB3_CREM_rate_invert.txt
5,ATF4_ATF7_CREB1_CREB5_CREM,0.8586527510968203,0.737284546966138,0.2262983736321168,260,C:\Users\User\Documents\Codex\2026-06-03\https-github-com-kennethabarr-transcpp-https\work\transcpp-master\CRE_enalizing\singlehit\selfcompetition-off\5TF\CRE_5TF_selfoff_singlehit_fullanneal_comb_18_ATF4_ATF7_CREB1_CREB5_CREM_rate_invert.txt
5,ATF4_ATF7_CREB3_CREB5_CREM,0.7679693633378853,0.5897769430255969,0.27908867977387036,260,C:\Users\User\Documents\Codex\2026-06-03\https-github-com-kennethabarr-transcpp-https\work\transcpp-master\CRE_enalizing\singlehit\selfcompetition-off\5TF\CRE_5TF_selfoff_singlehit_fullanneal_comb_19_ATF4_ATF7_CREB3_CREB5_CREM_rate_invert.txt
5,ATF4_CREB1_CREB3_CREB5_CREM,0.8559924204071733,0.7327230237945309,0.22895347057672916,260,C:\Users\User\Documents\Codex\2026-06-03\https-github-com-kennethabarr-transcpp-https\work\transcpp-master\CRE_enalizing\singlehit\selfcompetition-off\5TF\CRE_5TF_selfoff_singlehit_fullanneal_comb_20_ATF4_CREB1_CREB3_CREB5_CREM_rate_invert.txt
5,ATF7_CREB1_CREB3_CREB5_CREM,0.8555795027355754,0.7320162855012544,0.2284705076993008,260,C:\Users\User\Documents\Codex\2026-06-03\https-github-com-kennethabarr-transcpp-https\work\transcpp-master\CRE_enalizing\singlehit\selfcompetition-off\5TF\CRE_5TF_selfoff_singlehit_fullanneal_comb_21_ATF7_CREB1_CREB3_CREB5_CREM_rate_invert.txt
6,ATF1_ATF4_ATF7_CREB1_CREB3_CREB5,0.8559710074944136,0.7326863656710014,0.2267905134085869,260,C:\Users\User\Documents\Codex\2026-06-03\https-github-com-kennethabarr-transcpp-https\work\transcpp-master\CRE_enalizing\singlehit\selfcompetition-off\6TF\CRE_6TF_selfoff_singlehit_fullanneal_comb_01_ATF1_ATF4_ATF7_CREB1_CREB3_CREB5_rate_invert.txt
6,ATF1_ATF4_ATF7_CREB1_CREB3_CREM,0.7933187560819058,0.6293546487513424,0.2777943320070779,260,C:\Users\User\Documents\Codex\2026-06-03\https-github-com-kennethabarr-transcpp-https\work\transcpp-master\CRE_enalizing\singlehit\selfcompetition-off\6TF\CRE_6TF_selfoff_singlehit_fullanneal_comb_02_ATF1_ATF4_ATF7_CREB1_CREB3_CREM_rate_invert.txt
6,ATF1_ATF4_ATF7_CREB1_CREB5_CREM,0.8670503347841704,0.751776283049342,0.22778669649496724,260,C:\Users\User\Documents\Codex\2026-06-03\https-github-com-kennethabarr-transcpp-https\work\transcpp-master\CRE_enalizing\singlehit\selfcompetition-off\6TF\CRE_6TF_selfoff_singlehit_fullanneal_comb_03_ATF1_ATF4_ATF7_CREB1_CREB5_CREM_rate_invert.txt
6,ATF1_ATF4_ATF7_CREB3_CREB5_CREM,0.7816654425440978,0.6110008640676602,0.2808860156366485,260,C:\Users\User\Documents\Codex\2026-06-03\https-github-com-kennethabarr-transcpp-https\work\transcpp-master\CRE_enalizing\singlehit\selfcompetition-off\6TF\CRE_6TF_selfoff_singlehit_fullanneal_comb_04_ATF1_ATF4_ATF7_CREB3_CREB5_CREM_rate_invert.txt
6,ATF1_ATF4_CREB1_CREB3_CREB5_CREM,0.8451360420479295,0.7142549295684396,0.23452764814704874,260,C:\Users\User\Documents\Codex\2026-06-03\https-github-com-kennethabarr-transcpp-https\work\transcpp-master\CRE_enalizing\singlehit\selfcompetition-off\6TF\CRE_6TF_selfoff_singlehit_fullanneal_comb_05_ATF1_ATF4_CREB1_CREB3_CREB5_CREM_rate_invert.txt
6,ATF1_ATF7_CREB1_CREB3_CREB5_CREM,0.75674826351419,0.5726679343317419,0.29191564471720516,260,C:\Users\User\Documents\Codex\2026-06-03\https-github-com-kennethabarr-transcpp-https\work\transcpp-master\CRE_enalizing\singlehit\selfcompetition-off\6TF\CRE_6TF_selfoff_singlehit_fullanneal_comb_06_ATF1_ATF7_CREB1_CREB3_CREB5_CREM_rate_invert.txt
6,ATF4_ATF7_CREB1_CREB3_CREB5_CREM,0.8377027974827054,0.7017459769103505,0.24275659655796186,260,C:\Users\User\Documents\Codex\2026-06-03\https-github-com-kennethabarr-transcpp-https\work\transcpp-master\CRE_enalizing\singlehit\selfcompetition-off\6TF\CRE_6TF_selfoff_singlehit_fullanneal_comb_07_ATF4_ATF7_CREB1_CREB3_CREB5_CREM_rate_invert.txt
7,ATF1_ATF4_ATF7_CREB1_CREB3_CREB5_CREM,0.8653998854797057,0.7489169617882877,0.21812573731842505,260,C:\Users\User\Documents\Codex\2026-06-03\https-github-com-kennethabarr-transcpp-https\work\transcpp-master\CRE_enalizing\singlehit\selfcompetition-off\7TF\CRE_7TF_selfoff_singlehit_fullanneal_comb_01_ATF1_ATF4_ATF7_CREB1_CREB3_CREB5_CREM_rate_invert.txt
