name,sequence,expression level,xml_name,position,mut_base,predicted,observed_delta,predicted_delta
scanmut_single_pos_0_A,CCTAACTGGCCGCTTCACTGACACCAGACAGTGACGTCAGCTGCCAGATCCCATGGCCGTCATACTGTGACGTCTTTCAGACACCCCATTGACGTCAATGGGAGAACGGTACCTGAGCTCGCTAGCCTCGAGGATATCAAGATCTGGCCTCGGCGGCCAAGCTTAGACACTAGAGGGTATATAATGGAAGCTCGACT,105,scanmut_single_pos_0_A,0.0,A,107.831324672592,0.070389327891398,0.2237391880740589
scanmut_single_pos_0_T,CCTAACTGGCCGCTTCACTGTCACCAGACAGTGACGTCAGCTGCCAGATCCCATGGCCGTCATACTGTGACGTCTTTCAGACACCCCATTGACGTCAATGGGAGAACGGTACCTGAGCTCGCTAGCCTCGAGGATATCAAGATCTGGCCTCGGCGGCCAAGCTTAGACACTAGAGGGTATATAATGGAAGCTCGACT,75,scanmut_single_pos_0_T,0.0,T,99.47597533319612,-0.4150374992788438,0.10738289487608081
scanmut_single_pos_1_A,CCTAACTGGCCGCTTCACTGGAACCAGACAGTGACGTCAGCTGCCAGATCCCATGGCCGTCATACTGTGACGTCTTTCAGACACCCCATTGACGTCAATGGGAGAACGGTACCTGAGCTCGCTAGCCTCGAGGATATCAAGATCTGGCCTCGGCGGCCAAGCTTAGACACTAGAGGGTATATAATGGAAGCTCGACT,90,scanmut_single_pos_1_A,1.0,A,80.4533024559436,-0.15200309344504995,-0.19881360225256095
scanmut_single_pos_2_T,CCTAACTGGCCGCTTCACTGGCTCCAGACAGTGACGTCAGCTGCCAGATCCCATGGCCGTCATACTGTGACGTCTTTCAGACACCCCATTGACGTCAATGGGAGAACGGTACCTGAGCTCGCTAGCCTCGAGGATATCAAGATCTGGCCTCGGCGGCCAAGCTTAGACACTAGAGGGTATATAATGGAAGCTCGACT,102,scanmut_single_pos_2_T,2.0,T,84.75431771627395,0.02856915219677092,-0.12367837767386304
scanmut_single_pos_3_A,CCTAACTGGCCGCTTCACTGGCAACAGACAGTGACGTCAGCTGCCAGATCCCATGGCCGTCATACTGTGACGTCTTTCAGACACCCCATTGACGTCAATGGGAGAACGGTACCTGAGCTCGCTAGCCTCGAGGATATCAAGATCTGGCCTCGGCGGCCAAGCTTAGACACTAGAGGGTATATAATGGAAGCTCGACT,92,scanmut_single_pos_3_A,3.0,A,88.16581717466981,-0.12029423371771177,-0.06674582834934266
scanmut_single_pos_3_T,CCTAACTGGCCGCTTCACTGGCATCAGACAGTGACGTCAGCTGCCAGATCCCATGGCCGTCATACTGTGACGTCTTTCAGACACCCCATTGACGTCAATGGGAGAACGGTACCTGAGCTCGCTAGCCTCGAGGATATCAAGATCTGGCCTCGGCGGCCAAGCTTAGACACTAGAGGGTATATAATGGAAGCTCGACT,99,scanmut_single_pos_3_T,3.0,T,107.354404489596,-0.014499569695115089,0.21734423323970192
scanmut_single_pos_4_A,CCTAACTGGCCGCTTCACTGGCACAAGACAGTGACGTCAGCTGCCAGATCCCATGGCCGTCATACTGTGACGTCTTTCAGACACCCCATTGACGTCAATGGGAGAACGGTACCTGAGCTCGCTAGCCTCGAGGATATCAAGATCTGGCCTCGGCGGCCAAGCTTAGACACTAGAGGGTATATAATGGAAGCTCGACT,82,scanmut_single_pos_4_A,4.0,A,95.0558226937694,-0.2863041851566411,0.04180975829403295
scanmut_single_pos_4_T,CCTAACTGGCCGCTTCACTGGCACTAGACAGTGACGTCAGCTGCCAGATCCCATGGCCGTCATACTGTGACGTCTTTCAGACACCCCATTGACGTCAATGGGAGAACGGTACCTGAGCTCGCTAGCCTCGAGGATATCAAGATCTGGCCTCGGCGGCCAAGCTTAGACACTAGAGGGTATATAATGGAAGCTCGACT,88,scanmut_single_pos_4_T,4.0,T,85.63535462722476,-0.18442457113742744,-0.10875870686448337
scanmut_single_pos_5_T,CCTAACTGGCCGCTTCACTGGCACCTGACAGTGACGTCAGCTGCCAGATCCCATGGCCGTCATACTGTGACGTCTTTCAGACACCCCATTGACGTCAATGGGAGAACGGTACCTGAGCTCGCTAGCCTCGAGGATATCAAGATCTGGCCTCGGCGGCCAAGCTTAGACACTAGAGGGTATATAATGGAAGCTCGACT,103,scanmut_single_pos_5_T,5.0,T,88.69463291831681,0.04264433740849372,-0.0581184373858234
scanmut_single_pos_6_A,CCTAACTGGCCGCTTCACTGGCACCAAACAGTGACGTCAGCTGCCAGATCCCATGGCCGTCATACTGTGACGTCTTTCAGACACCCCATTGACGTCAATGGGAGAACGGTACCTGAGCTCGCTAGCCTCGAGGATATCAAGATCTGGCCTCGGCGGCCAAGCTTAGACACTAGAGGGTATATAATGGAAGCTCGACT,71,scanmut_single_pos_6_A,6.0,A,90.04020777583516,-0.4941090702700427,-0.036395858376517466
scanmut_single_pos_6_T,CCTAACTGGCCGCTTCACTGGCACCATACAGTGACGTCAGCTGCCAGATCCCATGGCCGTCATACTGTGACGTCTTTCAGACACCCCATTGACGTCAATGGGAGAACGGTACCTGAGCTCGCTAGCCTCGAGGATATCAAGATCTGGCCTCGGCGGCCAAGCTTAGACACTAGAGGGTATATAATGGAAGCTCGACT,75,scanmut_single_pos_6_T,6.0,T,95.21533939453803,-0.4150374992788438,0.044228769189106044
scanmut_single_pos_7_T,CCTAACTGGCCGCTTCACTGGCACCAGTCAGTGACGTCAGCTGCCAGATCCCATGGCCGTCATACTGTGACGTCTTTCAGACACCCCATTGACGTCAATGGGAGAACGGTACCTGAGCTCGCTAGCCTCGAGGATATCAAGATCTGGCCTCGGCGGCCAAGCTTAGACACTAGAGGGTATATAATGGAAGCTCGACT,83,scanmut_single_pos_7_T,7.0,T,95.8178445634158,-0.2688167584278,0.053329115876703345
scanmut_single_pos_8_A,CCTAACTGGCCGCTTCACTGGCACCAGAAAGTGACGTCAGCTGCCAGATCCCATGGCCGTCATACTGTGACGTCTTTCAGACACCCCATTGACGTCAATGGGAGAACGGTACCTGAGCTCGCTAGCCTCGAGGATATCAAGATCTGGCCTCGGCGGCCAAGCTTAGACACTAGAGGGTATATAATGGAAGCTCGACT,83,scanmut_single_pos_8_A,8.0,A,95.75676240227445,-0.2688167584278,0.05240913033845885
scanmut_single_pos_8_T,CCTAACTGGCCGCTTCACTGGCACCAGATAGTGACGTCAGCTGCCAGATCCCATGGCCGTCATACTGTGACGTCTTTCAGACACCCCATTGACGTCAATGGGAGAACGGTACCTGAGCTCGCTAGCCTCGAGGATATCAAGATCTGGCCTCGGCGGCCAAGCTTAGACACTAGAGGGTATATAATGGAAGCTCGACT,77,scanmut_single_pos_8_T,8.0,T,92.91833439367446,-0.3770696490798233,0.008998049048076004
scanmut_single_pos_9_T,CCTAACTGGCCGCTTCACTGGCACCAGACTGTGACGTCAGCTGCCAGATCCCATGGCCGTCATACTGTGACGTCTTTCAGACACCCCATTGACGTCAATGGGAGAACGGTACCTGAGCTCGCTAGCCTCGAGGATATCAAGATCTGGCCTCGGCGGCCAAGCTTAGACACTAGAGGGTATATAATGGAAGCTCGACT,73,scanmut_single_pos_9_T,9.0,T,85.44804053821092,-0.4540316308947075,-0.11191783537054385
scanmut_single_pos_10_A,CCTAACTGGCCGCTTCACTGGCACCAGACAATGACGTCAGCTGCCAGATCCCATGGCCGTCATACTGTGACGTCTTTCAGACACCCCATTGACGTCAATGGGAGAACGGTACCTGAGCTCGCTAGCCTCGAGGATATCAAGATCTGGCCTCGGCGGCCAAGCTTAGACACTAGAGGGTATATAATGGAAGCTCGACT,94,scanmut_single_pos_10_A,10.0,A,75.06590598868227,-0.08926733809708741,-0.2988074421664598
scanmut_single_pos_10_T,CCTAACTGGCCGCTTCACTGGCACCAGACATTGACGTCAGCTGCCAGATCCCATGGCCGTCATACTGTGACGTCTTTCAGACACCCCATTGACGTCAATGGGAGAACGGTACCTGAGCTCGCTAGCCTCGAGGATATCAAGATCTGGCCTCGGCGGCCAAGCTTAGACACTAGAGGGTATATAATGGAAGCTCGACT,140,scanmut_single_pos_10_T,10.0,T,101.5970566950336,0.48542682717024166,0.13782145786427183
scanmut_single_pos_11_A,CCTAACTGGCCGCTTCACTGGCACCAGACAGAGACGTCAGCTGCCAGATCCCATGGCCGTCATACTGTGACGTCTTTCAGACACCCCATTGACGTCAATGGGAGAACGGTACCTGAGCTCGCTAGCCTCGAGGATATCAAGATCTGGCCTCGGCGGCCAAGCTTAGACACTAGAGGGTATATAATGGAAGCTCGACT,104,scanmut_single_pos_11_A,11.0,A,100.1936048132386,0.056583528366367514,0.11775327727712454
scanmut_single_pos_12_A,CCTAACTGGCCGCTTCACTGGCACCAGACAGTAACGTCAGCTGCCAGATCCCATGGCCGTCATACTGTGACGTCTTTCAGACACCCCATTGACGTCAATGGGAGAACGGTACCTGAGCTCGCTAGCCTCGAGGATATCAAGATCTGGCCTCGGCGGCCAAGCTTAGACACTAGAGGGTATATAATGGAAGCTCGACT,93,scanmut_single_pos_12_A,12.0,A,86.89783592944534,-0.10469737866669324,-0.08764499516018194
scanmut_single_pos_12_T,CCTAACTGGCCGCTTCACTGGCACCAGACAGTTACGTCAGCTGCCAGATCCCATGGCCGTCATACTGTGACGTCTTTCAGACACCCCATTGACGTCAATGGGAGAACGGTACCTGAGCTCGCTAGCCTCGAGGATATCAAGATCTGGCCTCGGCGGCCAAGCTTAGACACTAGAGGGTATATAATGGAAGCTCGACT,111,scanmut_single_pos_12_T,12.0,T,93.97549459444669,0.15055967657538138,0.025319358893742632
scanmut_single_pos_13_T,CCTAACTGGCCGCTTCACTGGCACCAGACAGTGTCGTCAGCTGCCAGATCCCATGGCCGTCATACTGTGACGTCTTTCAGACACCCCATTGACGTCAATGGGAGAACGGTACCTGAGCTCGCTAGCCTCGAGGATATCAAGATCTGGCCTCGGCGGCCAAGCTTAGACACTAGAGGGTATATAATGGAAGCTCGACT,90,scanmut_single_pos_13_T,13.0,T,89.22242175695837,-0.15200309344504995,-0.04955893672286623
scanmut_single_pos_14_A,CCTAACTGGCCGCTTCACTGGCACCAGACAGTGAAGTCAGCTGCCAGATCCCATGGCCGTCATACTGTGACGTCTTTCAGACACCCCATTGACGTCAATGGGAGAACGGTACCTGAGCTCGCTAGCCTCGAGGATATCAAGATCTGGCCTCGGCGGCCAAGCTTAGACACTAGAGGGTATATAATGGAAGCTCGACT,81,scanmut_single_pos_14_A,14.0,A,63.76183614042898,-0.3040061868900999,-0.5342720693120373
scanmut_single_pos_14_T,CCTAACTGGCCGCTTCACTGGCACCAGACAGTGATGTCAGCTGCCAGATCCCATGGCCGTCATACTGTGACGTCTTTCAGACACCCCATTGACGTCAATGGGAGAACGGTACCTGAGCTCGCTAGCCTCGAGGATATCAAGATCTGGCCTCGGCGGCCAAGCTTAGACACTAGAGGGTATATAATGGAAGCTCGACT,77,scanmut_single_pos_14_T,14.0,T,80.0062999900841,-0.3770696490798233,-0.2068516367378921
scanmut_single_pos_15_A,CCTAACTGGCCGCTTCACTGGCACCAGACAGTGACATCAGCTGCCAGATCCCATGGCCGTCATACTGTGACGTCTTTCAGACACCCCATTGACGTCAATGGGAGAACGGTACCTGAGCTCGCTAGCCTCGAGGATATCAAGATCTGGCCTCGGCGGCCAAGCTTAGACACTAGAGGGTATATAATGGAAGCTCGACT,90,scanmut_single_pos_15_A,15.0,A,80.3235568715167,-0.15200309344504995,-0.20114208848679163
scanmut_single_pos_15_T,CCTAACTGGCCGCTTCACTGGCACCAGACAGTGACTTCAGCTGCCAGATCCCATGGCCGTCATACTGTGACGTCTTTCAGACACCCCATTGACGTCAATGGGAGAACGGTACCTGAGCTCGCTAGCCTCGAGGATATCAAGATCTGGCCTCGGCGGCCAAGCTTAGACACTAGAGGGTATATAATGGAAGCTCGACT,62,scanmut_single_pos_15_T,15.0,T,67.031015587587,-0.6896598793878495,-0.4621364520230697
scanmut_single_pos_16_A,CCTAACTGGCCGCTTCACTGGCACCAGACAGTGACGACAGCTGCCAGATCCCATGGCCGTCATACTGTGACGTCTTTCAGACACCCCATTGACGTCAATGGGAGAACGGTACCTGAGCTCGCTAGCCTCGAGGATATCAAGATCTGGCCTCGGCGGCCAAGCTTAGACACTAGAGGGTATATAATGGAAGCTCGACT,89,scanmut_single_pos_16_A,16.0,A,97.58311612003634,-0.16812275880832692,0.07966630923614307
scanmut_single_pos_17_A,CCTAACTGGCCGCTTCACTGGCACCAGACAGTGACGTAAGCTGCCAGATCCCATGGCCGTCATACTGTGACGTCTTTCAGACACCCCATTGACGTCAATGGGAGAACGGTACCTGAGCTCGCTAGCCTCGAGGATATCAAGATCTGGCCTCGGCGGCCAAGCTTAGACACTAGAGGGTATATAATGGAAGCTCGACT,87,scanmut_single_pos_17_A,17.0,A,99.70150374510764,-0.2009126939259964,0.11065001987436748
scanmut_single_pos_17_T,CCTAACTGGCCGCTTCACTGGCACCAGACAGTGACGTTAGCTGCCAGATCCCATGGCCGTCATACTGTGACGTCTTTCAGACACCCCATTGACGTCAATGGGAGAACGGTACCTGAGCTCGCTAGCCTCGAGGATATCAAGATCTGGCCTCGGCGGCCAAGCTTAGACACTAGAGGGTATATAATGGAAGCTCGACT,97,scanmut_single_pos_17_T,17.0,T,108.835950159452,-0.043943347587597055,0.2371180298566037
scanmut_single_pos_18_T,CCTAACTGGCCGCTTCACTGGCACCAGACAGTGACGTCTGCTGCCAGATCCCATGGCCGTCATACTGTGACGTCTTTCAGACACCCCATTGACGTCAATGGGAGAACGGTACCTGAGCTCGCTAGCCTCGAGGATATCAAGATCTGGCCTCGGCGGCCAAGCTTAGACACTAGAGGGTATATAATGGAAGCTCGACT,96,scanmut_single_pos_18_T,18.0,T,123.076118610336,-0.058893689053568565,0.41451370252050235
scanmut_single_pos_19_A,CCTAACTGGCCGCTTCACTGGCACCAGACAGTGACGTCAACTGCCAGATCCCATGGCCGTCATACTGTGACGTCTTTCAGACACCCCATTGACGTCAATGGGAGAACGGTACCTGAGCTCGCTAGCCTCGAGGATATCAAGATCTGGCCTCGGCGGCCAAGCTTAGACACTAGAGGGTATATAATGGAAGCTCGACT,98,scanmut_single_pos_19_A,19.0,A,96.31922579079682,-0.029146345659516508,0.0608585515120752
scanmut_single_pos_19_T,CCTAACTGGCCGCTTCACTGGCACCAGACAGTGACGTCATCTGCCAGATCCCATGGCCGTCATACTGTGACGTCTTTCAGACACCCCATTGACGTCAATGGGAGAACGGTACCTGAGCTCGCTAGCCTCGAGGATATCAAGATCTGGCCTCGGCGGCCAAGCTTAGACACTAGAGGGTATATAATGGAAGCTCGACT,77,scanmut_single_pos_19_T,19.0,T,66.97772181220313,-0.3770696490798233,-0.4632839394332461
scanmut_single_pos_20_A,CCTAACTGGCCGCTTCACTGGCACCAGACAGTGACGTCAGATGCCAGATCCCATGGCCGTCATACTGTGACGTCTTTCAGACACCCCATTGACGTCAATGGGAGAACGGTACCTGAGCTCGCTAGCCTCGAGGATATCAAGATCTGGCCTCGGCGGCCAAGCTTAGACACTAGAGGGTATATAATGGAAGCTCGACT,74,scanmut_single_pos_20_A,20.0,A,97.65913328403876,-0.4344028241457749,0.08078972992408492
scanmut_single_pos_20_T,CCTAACTGGCCGCTTCACTGGCACCAGACAGTGACGTCAGTTGCCAGATCCCATGGCCGTCATACTGTGACGTCTTTCAGACACCCCATTGACGTCAATGGGAGAACGGTACCTGAGCTCGCTAGCCTCGAGGATATCAAGATCTGGCCTCGGCGGCCAAGCTTAGACACTAGAGGGTATATAATGGAAGCTCGACT,104,scanmut_single_pos_20_T,20.0,T,103.9441369380538,0.056583528366367514,0.17077123455508722
scanmut_single_pos_21_A,CCTAACTGGCCGCTTCACTGGCACCAGACAGTGACGTCAGCAGCCAGATCCCATGGCCGTCATACTGTGACGTCTTTCAGACACCCCATTGACGTCAATGGGAGAACGGTACCTGAGCTCGCTAGCCTCGAGGATATCAAGATCTGGCCTCGGCGGCCAAGCTTAGACACTAGAGGGTATATAATGGAAGCTCGACT,90,scanmut_single_pos_21_A,21.0,A,88.59654577382567,-0.15200309344504995,-0.05971479262937832
scanmut_single_pos_22_A,CCTAACTGGCCGCTTCACTGGCACCAGACAGTGACGTCAGCTACCAGATCCCATGGCCGTCATACTGTGACGTCTTTCAGACACCCCATTGACGTCAATGGGAGAACGGTACCTGAGCTCGCTAGCCTCGAGGATATCAAGATCTGGCCTCGGCGGCCAAGCTTAGACACTAGAGGGTATATAATGGAAGCTCGACT,91,scanmut_single_pos_22_A,22.0,A,91.49070865170184,-0.13606154957602837,-0.013340006527363932
scanmut_single_pos_22_T,CCTAACTGGCCGCTTCACTGGCACCAGACAGTGACGTCAGCTTCCAGATCCCATGGCCGTCATACTGTGACGTCTTTCAGACACCCCATTGACGTCAATGGGAGAACGGTACCTGAGCTCGCTAGCCTCGAGGATATCAAGATCTGGCCTCGGCGGCCAAGCTTAGACACTAGAGGGTATATAATGGAAGCTCGACT,92,scanmut_single_pos_22_T,22.0,T,90.08671640791265,-0.12029423371771177,-0.035650852879401014
scanmut_single_pos_23_A,CCTAACTGGCCGCTTCACTGGCACCAGACAGTGACGTCAGCTGACAGATCCCATGGCCGTCATACTGTGACGTCTTTCAGACACCCCATTGACGTCAATGGGAGAACGGTACCTGAGCTCGCTAGCCTCGAGGATATCAAGATCTGGCCTCGGCGGCCAAGCTTAGACACTAGAGGGTATATAATGGAAGCTCGACT,101,scanmut_single_pos_23_A,23.0,A,99.95519420241996,0.014355292977070054,0.11431629468925712
scanmut_single_pos_23_T,CCTAACTGGCCGCTTCACTGGCACCAGACAGTGACGTCAGCTGTCAGATCCCATGGCCGTCATACTGTGACGTCTTTCAGACACCCCATTGACGTCAATGGGAGAACGGTACCTGAGCTCGCTAGCCTCGAGGATATCAAGATCTGGCCTCGGCGGCCAAGCTTAGACACTAGAGGGTATATAATGGAAGCTCGACT,99,scanmut_single_pos_23_T,23.0,T,97.1560153651791,-0.014499569695115089,0.07333807798387798
scanmut_single_pos_24_A,CCTAACTGGCCGCTTCACTGGCACCAGACAGTGACGTCAGCTGCAAGATCCCATGGCCGTCATACTGTGACGTCTTTCAGACACCCCATTGACGTCAATGGGAGAACGGTACCTGAGCTCGCTAGCCTCGAGGATATCAAGATCTGGCCTCGGCGGCCAAGCTTAGACACTAGAGGGTATATAATGGAAGCTCGACT,101,scanmut_single_pos_24_A,24.0,A,92.77324342252156,0.014355292977070054,0.006743535734980615
scanmut_single_pos_24_T,CCTAACTGGCCGCTTCACTGGCACCAGACAGTGACGTCAGCTGCTAGATCCCATGGCCGTCATACTGTGACGTCTTTCAGACACCCCATTGACGTCAATGGGAGAACGGTACCTGAGCTCGCTAGCCTCGAGGATATCAAGATCTGGCCTCGGCGGCCAAGCTTAGACACTAGAGGGTATATAATGGAAGCTCGACT,101,scanmut_single_pos_24_T,24.0,T,91.19206503245717,0.014355292977070054,-0.018056948837800894
scanmut_single_pos_25_T,CCTAACTGGCCGCTTCACTGGCACCAGACAGTGACGTCAGCTGCCTGATCCCATGGCCGTCATACTGTGACGTCTTTCAGACACCCCATTGACGTCAATGGGAGAACGGTACCTGAGCTCGCTAGCCTCGAGGATATCAAGATCTGGCCTCGGCGGCCAAGCTTAGACACTAGAGGGTATATAATGGAAGCTCGACT,107,scanmut_single_pos_25_T,25.0,T,94.93289298587877,0.09761079662642233,0.0399428042060818
scanmut_single_pos_26_A,CCTAACTGGCCGCTTCACTGGCACCAGACAGTGACGTCAGCTGCCAAATCCCATGGCCGTCATACTGTGACGTCTTTCAGACACCCCATTGACGTCAATGGGAGAACGGTACCTGAGCTCGCTAGCCTCGAGGATATCAAGATCTGGCCTCGGCGGCCAAGCTTAGACACTAGAGGGTATATAATGGAAGCTCGACT,123,scanmut_single_pos_26_A,26.0,A,93.1955470433015,0.29865831556451516,0.013295779099784615
scanmut_single_pos_26_T,CCTAACTGGCCGCTTCACTGGCACCAGACAGTGACGTCAGCTGCCATATCCCATGGCCGTCATACTGTGACGTCTTTCAGACACCCCATTGACGTCAATGGGAGAACGGTACCTGAGCTCGCTAGCCTCGAGGATATCAAGATCTGGCCTCGGCGGCCAAGCTTAGACACTAGAGGGTATATAATGGAAGCTCGACT,115,scanmut_single_pos_26_T,26.0,T,98.8097806107901,0.2016338611696504,0.09768860862633594
scanmut_single_pos_27_T,CCTAACTGGCCGCTTCACTGGCACCAGACAGTGACGTCAGCTGCCAGTTCCCATGGCCGTCATACTGTGACGTCTTTCAGACACCCCATTGACGTCAATGGGAGAACGGTACCTGAGCTCGCTAGCCTCGAGGATATCAAGATCTGGCCTCGGCGGCCAAGCTTAGACACTAGAGGGTATATAATGGAAGCTCGACT,102,scanmut_single_pos_27_T,27.0,T,90.40009296930128,0.02856915219677092,-0.03064098798204803
scanmut_single_pos_28_A,CCTAACTGGCCGCTTCACTGGCACCAGACAGTGACGTCAGCTGCCAGAACCCATGGCCGTCATACTGTGACGTCTTTCAGACACCCCATTGACGTCAATGGGAGAACGGTACCTGAGCTCGCTAGCCTCGAGGATATCAAGATCTGGCCTCGGCGGCCAAGCTTAGACACTAGAGGGTATATAATGGAAGCTCGACT,91,scanmut_single_pos_28_A,28.0,A,91.21277373035954,-0.13606154957602837,-0.017729366125653127
scanmut_single_pos_29_A,CCTAACTGGCCGCTTCACTGGCACCAGACAGTGACGTCAGCTGCCAGATACCATGGCCGTCATACTGTGACGTCTTTCAGACACCCCATTGACGTCAATGGGAGAACGGTACCTGAGCTCGCTAGCCTCGAGGATATCAAGATCTGGCCTCGGCGGCCAAGCTTAGACACTAGAGGGTATATAATGGAAGCTCGACT,91,scanmut_single_pos_29_A,29.0,A,95.60691865371822,-0.13606154957602837,0.05014977918112502
scanmut_single_pos_29_T,CCTAACTGGCCGCTTCACTGGCACCAGACAGTGACGTCAGCTGCCAGATTCCATGGCCGTCATACTGTGACGTCTTTCAGACACCCCATTGACGTCAATGGGAGAACGGTACCTGAGCTCGCTAGCCTCGAGGATATCAAGATCTGGCCTCGGCGGCCAAGCTTAGACACTAGAGGGTATATAATGGAAGCTCGACT,96,scanmut_single_pos_29_T,29.0,T,93.36855314858168,-0.058893689053568565,0.015971482747162723
scanmut_single_pos_30_A,CCTAACTGGCCGCTTCACTGGCACCAGACAGTGACGTCAGCTGCCAGATCACATGGCCGTCATACTGTGACGTCTTTCAGACACCCCATTGACGTCAATGGGAGAACGGTACCTGAGCTCGCTAGCCTCGAGGATATCAAGATCTGGCCTCGGCGGCCAAGCTTAGACACTAGAGGGTATATAATGGAAGCTCGACT,107,scanmut_single_pos_30_A,30.0,A,106.7515874439568,0.09761079662642233,0.20922037409427952
scanmut_single_pos_30_T,CCTAACTGGCCGCTTCACTGGCACCAGACAGTGACGTCAGCTGCCAGATCTCATGGCCGTCATACTGTGACGTCTTTCAGACACCCCATTGACGTCAATGGGAGAACGGTACCTGAGCTCGCTAGCCTCGAGGATATCAAGATCTGGCCTCGGCGGCCAAGCTTAGACACTAGAGGGTATATAATGGAAGCTCGACT,88,scanmut_single_pos_30_T,30.0,T,95.70339932210884,-0.18442457113742744,0.05160492488473298
scanmut_single_pos_31_A,CCTAACTGGCCGCTTCACTGGCACCAGACAGTGACGTCAGCTGCCAGATCCAATGGCCGTCATACTGTGACGTCTTTCAGACACCCCATTGACGTCAATGGGAGAACGGTACCTGAGCTCGCTAGCCTCGAGGATATCAAGATCTGGCCTCGGCGGCCAAGCTTAGACACTAGAGGGTATATAATGGAAGCTCGACT,89,scanmut_single_pos_31_A,31.0,A,88.8506915501729,-0.16812275880832692,-0.05558223911731492
scanmut_single_pos_31_T,CCTAACTGGCCGCTTCACTGGCACCAGACAGTGACGTCAGCTGCCAGATCCTATGGCCGTCATACTGTGACGTCTTTCAGACACCCCATTGACGTCAATGGGAGAACGGTACCTGAGCTCGCTAGCCTCGAGGATATCAAGATCTGGCCTCGGCGGCCAAGCTTAGACACTAGAGGGTATATAATGGAAGCTCGACT,94,scanmut_single_pos_31_T,31.0,T,91.3918320345585,-0.08926733809708741,-0.01490001131050489
scanmut_single_pos_32_T,CCTAACTGGCCGCTTCACTGGCACCAGACAGTGACGTCAGCTGCCAGATCCCTTGGCCGTCATACTGTGACGTCTTTCAGACACCCCATTGACGTCAATGGGAGAACGGTACCTGAGCTCGCTAGCCTCGAGGATATCAAGATCTGGCCTCGGCGGCCAAGCTTAGACACTAGAGGGTATATAATGGAAGCTCGACT,90,scanmut_single_pos_32_T,32.0,T,90.71525535656453,-0.15200309344504995,-0.025620058764148666
scanmut_single_pos_33_A,CCTAACTGGCCGCTTCACTGGCACCAGACAGTGACGTCAGCTGCCAGATCCCAAGGCCGTCATACTGTGACGTCTTTCAGACACCCCATTGACGTCAATGGGAGAACGGTACCTGAGCTCGCTAGCCTCGAGGATATCAAGATCTGGCCTCGGCGGCCAAGCTTAGACACTAGAGGGTATATAATGGAAGCTCGACT,82,scanmut_single_pos_33_A,33.0,A,90.4498887627732,-0.2863041851566411,-0.029846515730223556
scanmut_single_pos_34_A,CCTAACTGGCCGCTTCACTGGCACCAGACAGTGACGTCAGCTGCCAGATCCCATAGCCGTCATACTGTGACGTCTTTCAGACACCCCATTGACGTCAATGGGAGAACGGTACCTGAGCTCGCTAGCCTCGAGGATATCAAGATCTGGCCTCGGCGGCCAAGCTTAGACACTAGAGGGTATATAATGGAAGCTCGACT,102,scanmut_single_pos_34_A,34.0,A,95.53577102928088,0.02856915219677092,0.04907577180101056
scanmut_single_pos_34_T,CCTAACTGGCCGCTTCACTGGCACCAGACAGTGACGTCAGCTGCCAGATCCCATTGCCGTCATACTGTGACGTCTTTCAGACACCCCATTGACGTCAATGGGAGAACGGTACCTGAGCTCGCTAGCCTCGAGGATATCAAGATCTGGCCTCGGCGGCCAAGCTTAGACACTAGAGGGTATATAATGGAAGCTCGACT,122,scanmut_single_pos_34_T,34.0,T,103.13924157699,0.28688114778816154,0.15955619255734502
scanmut_single_pos_35_A,CCTAACTGGCCGCTTCACTGGCACCAGACAGTGACGTCAGCTGCCAGATCCCATGACCGTCATACTGTGACGTCTTTCAGACACCCCATTGACGTCAATGGGAGAACGGTACCTGAGCTCGCTAGCCTCGAGGATATCAAGATCTGGCCTCGGCGGCCAAGCTTAGACACTAGAGGGTATATAATGGAAGCTCGACT,134,scanmut_single_pos_35_A,35.0,A,89.64175508500134,0.4222330006830478,-0.042794348845048055
scanmut_single_pos_35_T,CCTAACTGGCCGCTTCACTGGCACCAGACAGTGACGTCAGCTGCCAGATCCCATGTCCGTCATACTGTGACGTCTTTCAGACACCCCATTGACGTCAATGGGAGAACGGTACCTGAGCTCGCTAGCCTCGAGGATATCAAGATCTGGCCTCGGCGGCCAAGCTTAGACACTAGAGGGTATATAATGGAAGCTCGACT,94,scanmut_single_pos_35_T,35.0,T,99.08886780504264,-0.08926733809708741,0.10175774180406108
scanmut_single_pos_36_A,CCTAACTGGCCGCTTCACTGGCACCAGACAGTGACGTCAGCTGCCAGATCCCATGGACGTCATACTGTGACGTCTTTCAGACACCCCATTGACGTCAATGGGAGAACGGTACCTGAGCTCGCTAGCCTCGAGGATATCAAGATCTGGCCTCGGCGGCCAAGCTTAGACACTAGAGGGTATATAATGGAAGCTCGACT,109,scanmut_single_pos_36_A,36.0,A,108.1279074574252,0.12432813500220177,0.22770177654660603
scanmut_single_pos_36_T,CCTAACTGGCCGCTTCACTGGCACCAGACAGTGACGTCAGCTGCCAGATCCCATGGTCGTCATACTGTGACGTCTTTCAGACACCCCATTGACGTCAATGGGAGAACGGTACCTGAGCTCGCTAGCCTCGAGGATATCAAGATCTGGCCTCGGCGGCCAAGCTTAGACACTAGAGGGTATATAATGGAAGCTCGACT,103,scanmut_single_pos_36_T,36.0,T,103.6635191820093,0.04264433740849372,0.16687112702388032
scanmut_single_pos_37_A,CCTAACTGGCCGCTTCACTGGCACCAGACAGTGACGTCAGCTGCCAGATCCCATGGCAGTCATACTGTGACGTCTTTCAGACACCCCATTGACGTCAATGGGAGAACGGTACCTGAGCTCGCTAGCCTCGAGGATATCAAGATCTGGCCTCGGCGGCCAAGCTTAGACACTAGAGGGTATATAATGGAAGCTCGACT,72,scanmut_single_pos_37_A,37.0,A,67.51184132671393,-0.4739311883324124,-0.4518246766004616
scanmut_single_pos_37_T,CCTAACTGGCCGCTTCACTGGCACCAGACAGTGACGTCAGCTGCCAGATCCCATGGCTGTCATACTGTGACGTCTTTCAGACACCCCATTGACGTCAATGGGAGAACGGTACCTGAGCTCGCTAGCCTCGAGGATATCAAGATCTGGCCTCGGCGGCCAAGCTTAGACACTAGAGGGTATATAATGGAAGCTCGACT,66,scanmut_single_pos_37_T,37.0,T,72.32247019146524,-0.5994620704162712,-0.352521290127549
scanmut_single_pos_38_A,CCTAACTGGCCGCTTCACTGGCACCAGACAGTGACGTCAGCTGCCAGATCCCATGGCCATCATACTGTGACGTCTTTCAGACACCCCATTGACGTCAATGGGAGAACGGTACCTGAGCTCGCTAGCCTCGAGGATATCAAGATCTGGCCTCGGCGGCCAAGCTTAGACACTAGAGGGTATATAATGGAAGCTCGACT,69,scanmut_single_pos_38_A,38.0,A,69.95575466517049,-0.5353317329965558,-0.4005225037935076
scanmut_single_pos_38_T,CCTAACTGGCCGCTTCACTGGCACCAGACAGTGACGTCAGCTGCCAGATCCCATGGCCTTCATACTGTGACGTCTTTCAGACACCCCATTGACGTCAATGGGAGAACGGTACCTGAGCTCGCTAGCCTCGAGGATATCAAGATCTGGCCTCGGCGGCCAAGCTTAGACACTAGAGGGTATATAATGGAAGCTCGACT,61,scanmut_single_pos_38_T,38.0,T,70.39906308497407,-0.7131188522118385,-0.39140901562330654
scanmut_single_pos_39_A,CCTAACTGGCCGCTTCACTGGCACCAGACAGTGACGTCAGCTGCCAGATCCCATGGCCGACATACTGTGACGTCTTTCAGACACCCCATTGACGTCAATGGGAGAACGGTACCTGAGCTCGCTAGCCTCGAGGATATCAAGATCTGGCCTCGGCGGCCAAGCTTAGACACTAGAGGGTATATAATGGAAGCTCGACT,64,scanmut_single_pos_39_A,39.0,A,72.715586946061,-0.6438561897747247,-0.3447005982017091
scanmut_single_pos_40_A,CCTAACTGGCCGCTTCACTGGCACCAGACAGTGACGTCAGCTGCCAGATCCCATGGCCGTAATACTGTGACGTCTTTCAGACACCCCATTGACGTCAATGGGAGAACGGTACCTGAGCTCGCTAGCCTCGAGGATATCAAGATCTGGCCTCGGCGGCCAAGCTTAGACACTAGAGGGTATATAATGGAAGCTCGACT,75,scanmut_single_pos_40_A,40.0,A,74.47365701369816,-0.4150374992788438,-0.31023504178571504
scanmut_single_pos_40_T,CCTAACTGGCCGCTTCACTGGCACCAGACAGTGACGTCAGCTGCCAGATCCCATGGCCGTTATACTGTGACGTCTTTCAGACACCCCATTGACGTCAATGGGAGAACGGTACCTGAGCTCGCTAGCCTCGAGGATATCAAGATCTGGCCTCGGCGGCCAAGCTTAGACACTAGAGGGTATATAATGGAAGCTCGACT,59,scanmut_single_pos_40_T,40.0,T,59.20140702481335,-0.7612131404128835,-0.6413337798917889
scanmut_single_pos_41_T,CCTAACTGGCCGCTTCACTGGCACCAGACAGTGACGTCAGCTGCCAGATCCCATGGCCGTCTTACTGTGACGTCTTTCAGACACCCCATTGACGTCAATGGGAGAACGGTACCTGAGCTCGCTAGCCTCGAGGATATCAAGATCTGGCCTCGGCGGCCAAGCTTAGACACTAGAGGGTATATAATGGAAGCTCGACT,66,scanmut_single_pos_41_T,41.0,T,66.7648319855072,-0.5994620704162712,-0.46787687336361106
scanmut_single_pos_42_A,CCTAACTGGCCGCTTCACTGGCACCAGACAGTGACGTCAGCTGCCAGATCCCATGGCCGTCAAACTGTGACGTCTTTCAGACACCCCATTGACGTCAATGGGAGAACGGTACCTGAGCTCGCTAGCCTCGAGGATATCAAGATCTGGCCTCGGCGGCCAAGCTTAGACACTAGAGGGTATATAATGGAAGCTCGACT,66,scanmut_single_pos_42_A,42.0,A,73.23024413692042,-0.5994620704162712,-0.3345256387772693
scanmut_single_pos_43_T,CCTAACTGGCCGCTTCACTGGCACCAGACAGTGACGTCAGCTGCCAGATCCCATGGCCGTCATTCTGTGACGTCTTTCAGACACCCCATTGACGTCAATGGGAGAACGGTACCTGAGCTCGCTAGCCTCGAGGATATCAAGATCTGGCCTCGGCGGCCAAGCTTAGACACTAGAGGGTATATAATGGAAGCTCGACT,102,scanmut_single_pos_43_T,43.0,T,90.69176889702588,0.02856915219677092,-0.025993625322921002
scanmut_single_pos_44_A,CCTAACTGGCCGCTTCACTGGCACCAGACAGTGACGTCAGCTGCCAGATCCCATGGCCGTCATAATGTGACGTCTTTCAGACACCCCATTGACGTCAATGGGAGAACGGTACCTGAGCTCGCTAGCCTCGAGGATATCAAGATCTGGCCTCGGCGGCCAAGCTTAGACACTAGAGGGTATATAATGGAAGCTCGACT,100,scanmut_single_pos_44_A,44.0,A,102.1887684468835,0.0,0.14619948914764067
scanmut_single_pos_44_T,CCTAACTGGCCGCTTCACTGGCACCAGACAGTGACGTCAGCTGCCAGATCCCATGGCCGTCATATTGTGACGTCTTTCAGACACCCCATTGACGTCAATGGGAGAACGGTACCTGAGCTCGCTAGCCTCGAGGATATCAAGATCTGGCCTCGGCGGCCAAGCTTAGACACTAGAGGGTATATAATGGAAGCTCGACT,86,scanmut_single_pos_44_T,44.0,T,94.22676808345676,-0.21759143507262677,0.029171716742609786
scanmut_single_pos_45_A,CCTAACTGGCCGCTTCACTGGCACCAGACAGTGACGTCAGCTGCCAGATCCCATGGCCGTCATACAGTGACGTCTTTCAGACACCCCATTGACGTCAATGGGAGAACGGTACCTGAGCTCGCTAGCCTCGAGGATATCAAGATCTGGCCTCGGCGGCCAAGCTTAGACACTAGAGGGTATATAATGGAAGCTCGACT,114,scanmut_single_pos_45_A,45.0,A,101.1873391995757,0.18903382439001687,0.13199163845836287
scanmut_single_pos_46_A,CCTAACTGGCCGCTTCACTGGCACCAGACAGTGACGTCAGCTGCCAGATCCCATGGCCGTCATACTATGACGTCTTTCAGACACCCCATTGACGTCAATGGGAGAACGGTACCTGAGCTCGCTAGCCTCGAGGATATCAAGATCTGGCCTCGGCGGCCAAGCTTAGACACTAGAGGGTATATAATGGAAGCTCGACT,78,scanmut_single_pos_46_A,46.0,A,75.23713917220698,-0.3584539709124763,-0.29552025165985757
scanmut_single_pos_46_T,CCTAACTGGCCGCTTCACTGGCACCAGACAGTGACGTCAGCTGCCAGATCCCATGGCCGTCATACTTTGACGTCTTTCAGACACCCCATTGACGTCAATGGGAGAACGGTACCTGAGCTCGCTAGCCTCGAGGATATCAAGATCTGGCCTCGGCGGCCAAGCTTAGACACTAGAGGGTATATAATGGAAGCTCGACT,97,scanmut_single_pos_46_T,46.0,T,87.37240955574319,-0.043943347587597055,-0.07978746666752656
scanmut_single_pos_47_A,CCTAACTGGCCGCTTCACTGGCACCAGACAGTGACGTCAGCTGCCAGATCCCATGGCCGTCATACTGAGACGTCTTTCAGACACCCCATTGACGTCAATGGGAGAACGGTACCTGAGCTCGCTAGCCTCGAGGATATCAAGATCTGGCCTCGGCGGCCAAGCTTAGACACTAGAGGGTATATAATGGAAGCTCGACT,75,scanmut_single_pos_47_A,47.0,A,51.68413899195186,-0.4150374992788438,-0.8372436351232512
scanmut_single_pos_48_A,CCTAACTGGCCGCTTCACTGGCACCAGACAGTGACGTCAGCTGCCAGATCCCATGGCCGTCATACTGTAACGTCTTTCAGACACCCCATTGACGTCAATGGGAGAACGGTACCTGAGCTCGCTAGCCTCGAGGATATCAAGATCTGGCCTCGGCGGCCAAGCTTAGACACTAGAGGGTATATAATGGAAGCTCGACT,60,scanmut_single_pos_48_A,48.0,A,46.17754334580913,-0.7369655941662062,-0.9997738208205117
scanmut_single_pos_48_T,CCTAACTGGCCGCTTCACTGGCACCAGACAGTGACGTCAGCTGCCAGATCCCATGGCCGTCATACTGTTACGTCTTTCAGACACCCCATTGACGTCAATGGGAGAACGGTACCTGAGCTCGCTAGCCTCGAGGATATCAAGATCTGGCCTCGGCGGCCAAGCTTAGACACTAGAGGGTATATAATGGAAGCTCGACT,79,scanmut_single_pos_48_T,48.0,T,85.78023588047475,-0.3400754415976217,-0.10631996118522563
scanmut_single_pos_49_T,CCTAACTGGCCGCTTCACTGGCACCAGACAGTGACGTCAGCTGCCAGATCCCATGGCCGTCATACTGTGTCGTCTTTCAGACACCCCATTGACGTCAATGGGAGAACGGTACCTGAGCTCGCTAGCCTCGAGGATATCAAGATCTGGCCTCGGCGGCCAAGCTTAGACACTAGAGGGTATATAATGGAAGCTCGACT,62,scanmut_single_pos_49_T,49.0,T,64.25912029384845,-0.6896598793878495,-0.5230640138438435
scanmut_single_pos_50_A,CCTAACTGGCCGCTTCACTGGCACCAGACAGTGACGTCAGCTGCCAGATCCCATGGCCGTCATACTGTGAAGTCTTTCAGACACCCCATTGACGTCAATGGGAGAACGGTACCTGAGCTCGCTAGCCTCGAGGATATCAAGATCTGGCCTCGGCGGCCAAGCTTAGACACTAGAGGGTATATAATGGAAGCTCGACT,49,scanmut_single_pos_50_A,50.0,A,51.74537031426141,-1.0291463456595165,-0.835535454625137
scanmut_single_pos_50_T,CCTAACTGGCCGCTTCACTGGCACCAGACAGTGACGTCAGCTGCCAGATCCCATGGCCGTCATACTGTGATGTCTTTCAGACACCCCATTGACGTCAATGGGAGAACGGTACCTGAGCTCGCTAGCCTCGAGGATATCAAGATCTGGCCTCGGCGGCCAAGCTTAGACACTAGAGGGTATATAATGGAAGCTCGACT,63,scanmut_single_pos_50_T,50.0,T,70.34084230408111,-0.6665762662748083,-0.39260263354467817
scanmut_single_pos_51_A,CCTAACTGGCCGCTTCACTGGCACCAGACAGTGACGTCAGCTGCCAGATCCCATGGCCGTCATACTGTGACATCTTTCAGACACCCCATTGACGTCAATGGGAGAACGGTACCTGAGCTCGCTAGCCTCGAGGATATCAAGATCTGGCCTCGGCGGCCAAGCTTAGACACTAGAGGGTATATAATGGAAGCTCGACT,65,scanmut_single_pos_51_A,51.0,A,71.28542786391706,-0.6214883767462701,-0.3733580526032781
scanmut_single_pos_51_T,CCTAACTGGCCGCTTCACTGGCACCAGACAGTGACGTCAGCTGCCAGATCCCATGGCCGTCATACTGTGACTTCTTTCAGACACCCCATTGACGTCAATGGGAGAACGGTACCTGAGCTCGCTAGCCTCGAGGATATCAAGATCTGGCCTCGGCGGCCAAGCTTAGACACTAGAGGGTATATAATGGAAGCTCGACT,50,scanmut_single_pos_51_T,51.0,T,57.28638278359745,-1.0,-0.6887729993223862
scanmut_single_pos_52_A,CCTAACTGGCCGCTTCACTGGCACCAGACAGTGACGTCAGCTGCCAGATCCCATGGCCGTCATACTGTGACGACTTTCAGACACCCCATTGACGTCAATGGGAGAACGGTACCTGAGCTCGCTAGCCTCGAGGATATCAAGATCTGGCCTCGGCGGCCAAGCTTAGACACTAGAGGGTATATAATGGAAGCTCGACT,84,scanmut_single_pos_52_A,52.0,A,84.03025421252143,-0.25153876699596445,-0.13605639566704736
scanmut_single_pos_53_A,CCTAACTGGCCGCTTCACTGGCACCAGACAGTGACGTCAGCTGCCAGATCCCATGGCCGTCATACTGTGACGTATTTCAGACACCCCATTGACGTCAATGGGAGAACGGTACCTGAGCTCGCTAGCCTCGAGGATATCAAGATCTGGCCTCGGCGGCCAAGCTTAGACACTAGAGGGTATATAATGGAAGCTCGACT,92,scanmut_single_pos_53_A,53.0,A,98.95682160025171,-0.12029423371771177,0.09983391873453143
scanmut_single_pos_53_T,CCTAACTGGCCGCTTCACTGGCACCAGACAGTGACGTCAGCTGCCAGATCCCATGGCCGTCATACTGTGACGTTTTTCAGACACCCCATTGACGTCAATGGGAGAACGGTACCTGAGCTCGCTAGCCTCGAGGATATCAAGATCTGGCCTCGGCGGCCAAGCTTAGACACTAGAGGGTATATAATGGAAGCTCGACT,77,scanmut_single_pos_53_T,53.0,T,101.988495502563,-0.3770696490798233,0.1433692731806975
scanmut_single_pos_54_A,CCTAACTGGCCGCTTCACTGGCACCAGACAGTGACGTCAGCTGCCAGATCCCATGGCCGTCATACTGTGACGTCATTCAGACACCCCATTGACGTCAATGGGAGAACGGTACCTGAGCTCGCTAGCCTCGAGGATATCAAGATCTGGCCTCGGCGGCCAAGCTTAGACACTAGAGGGTATATAATGGAAGCTCGACT,54,scanmut_single_pos_54_A,54.0,A,64.3661031734874,-0.888968687611256,-0.5206641158868826
scanmut_single_pos_55_A,CCTAACTGGCCGCTTCACTGGCACCAGACAGTGACGTCAGCTGCCAGATCCCATGGCCGTCATACTGTGACGTCTATCAGACACCCCATTGACGTCAATGGGAGAACGGTACCTGAGCTCGCTAGCCTCGAGGATATCAAGATCTGGCCTCGGCGGCCAAGCTTAGACACTAGAGGGTATATAATGGAAGCTCGACT,104,scanmut_single_pos_55_A,55.0,A,104.8507923270273,0.056583528366367514,0.18330061407074374
scanmut_single_pos_56_A,CCTAACTGGCCGCTTCACTGGCACCAGACAGTGACGTCAGCTGCCAGATCCCATGGCCGTCATACTGTGACGTCTTACAGACACCCCATTGACGTCAATGGGAGAACGGTACCTGAGCTCGCTAGCCTCGAGGATATCAAGATCTGGCCTCGGCGGCCAAGCTTAGACACTAGAGGGTATATAATGGAAGCTCGACT,78,scanmut_single_pos_56_A,56.0,A,91.98150662220009,-0.3584539709124763,-0.005621415611213123
scanmut_single_pos_57_A,CCTAACTGGCCGCTTCACTGGCACCAGACAGTGACGTCAGCTGCCAGATCCCATGGCCGTCATACTGTGACGTCTTTAAGACACCCCATTGACGTCAATGGGAGAACGGTACCTGAGCTCGCTAGCCTCGAGGATATCAAGATCTGGCCTCGGCGGCCAAGCTTAGACACTAGAGGGTATATAATGGAAGCTCGACT,98,scanmut_single_pos_57_A,57.0,A,98.70965187257411,-0.029146345659516508,0.09622591460547462
scanmut_single_pos_57_T,CCTAACTGGCCGCTTCACTGGCACCAGACAGTGACGTCAGCTGCCAGATCCCATGGCCGTCATACTGTGACGTCTTTTAGACACCCCATTGACGTCAATGGGAGAACGGTACCTGAGCTCGCTAGCCTCGAGGATATCAAGATCTGGCCTCGGCGGCCAAGCTTAGACACTAGAGGGTATATAATGGAAGCTCGACT,102,scanmut_single_pos_57_T,57.0,T,93.51060723943786,0.02856915219677092,0.018164779971561722
scanmut_single_pos_58_T,CCTAACTGGCCGCTTCACTGGCACCAGACAGTGACGTCAGCTGCCAGATCCCATGGCCGTCATACTGTGACGTCTTTCTGACACCCCATTGACGTCAATGGGAGAACGGTACCTGAGCTCGCTAGCCTCGAGGATATCAAGATCTGGCCTCGGCGGCCAAGCTTAGACACTAGAGGGTATATAATGGAAGCTCGACT,122,scanmut_single_pos_58_T,58.0,T,105.6689868562224,0.28688114778816154,0.1945148680265118
scanmut_single_pos_59_A,CCTAACTGGCCGCTTCACTGGCACCAGACAGTGACGTCAGCTGCCAGATCCCATGGCCGTCATACTGTGACGTCTTTCAAACACCCCATTGACGTCAATGGGAGAACGGTACCTGAGCTCGCTAGCCTCGAGGATATCAAGATCTGGCCTCGGCGGCCAAGCTTAGACACTAGAGGGTATATAATGGAAGCTCGACT,105,scanmut_single_pos_59_A,59.0,A,99.75123138319188,0.070389327891398,0.11136940653306232
scanmut_single_pos_59_T,CCTAACTGGCCGCTTCACTGGCACCAGACAGTGACGTCAGCTGCCAGATCCCATGGCCGTCATACTGTGACGTCTTTCATACACCCCATTGACGTCAATGGGAGAACGGTACCTGAGCTCGCTAGCCTCGAGGATATCAAGATCTGGCCTCGGCGGCCAAGCTTAGACACTAGAGGGTATATAATGGAAGCTCGACT,108,scanmut_single_pos_59_T,59.0,T,101.7955731876197,0.11103131238874395,0.14063767446462372
scanmut_single_pos_60_T,CCTAACTGGCCGCTTCACTGGCACCAGACAGTGACGTCAGCTGCCAGATCCCATGGCCGTCATACTGTGACGTCTTTCAGTCACCCCATTGACGTCAATGGGAGAACGGTACCTGAGCTCGCTAGCCTCGAGGATATCAAGATCTGGCCTCGGCGGCCAAGCTTAGACACTAGAGGGTATATAATGGAAGCTCGACT,109,scanmut_single_pos_60_T,60.0,T,102.7825668158795,0.12432813500220177,0.15455843707261496
scanmut_single_pos_61_A,CCTAACTGGCCGCTTCACTGGCACCAGACAGTGACGTCAGCTGCCAGATCCCATGGCCGTCATACTGTGACGTCTTTCAGAAACCCCATTGACGTCAATGGGAGAACGGTACCTGAGCTCGCTAGCCTCGAGGATATCAAGATCTGGCCTCGGCGGCCAAGCTTAGACACTAGAGGGTATATAATGGAAGCTCGACT,102,scanmut_single_pos_61_A,61.0,A,89.04632080691061,0.02856915219677092,-0.05240924066640049
scanmut_single_pos_61_T,CCTAACTGGCCGCTTCACTGGCACCAGACAGTGACGTCAGCTGCCAGATCCCATGGCCGTCATACTGTGACGTCTTTCAGATACCCCATTGACGTCAATGGGAGAACGGTACCTGAGCTCGCTAGCCTCGAGGATATCAAGATCTGGCCTCGGCGGCCAAGCTTAGACACTAGAGGGTATATAATGGAAGCTCGACT,100,scanmut_single_pos_61_T,61.0,T,87.94361055629412,0.0,-0.07038648019445182
scanmut_single_pos_62_T,CCTAACTGGCCGCTTCACTGGCACCAGACAGTGACGTCAGCTGCCAGATCCCATGGCCGTCATACTGTGACGTCTTTCAGACTCCCCATTGACGTCAATGGGAGAACGGTACCTGAGCTCGCTAGCCTCGAGGATATCAAGATCTGGCCTCGGCGGCCAAGCTTAGACACTAGAGGGTATATAATGGAAGCTCGACT,106,scanmut_single_pos_62_T,62.0,T,104.648799977956,0.08406426478847455,0.1805186186749789
scanmut_single_pos_63_A,CCTAACTGGCCGCTTCACTGGCACCAGACAGTGACGTCAGCTGCCAGATCCCATGGCCGTCATACTGTGACGTCTTTCAGACAACCCATTGACGTCAATGGGAGAACGGTACCTGAGCTCGCTAGCCTCGAGGATATCAAGATCTGGCCTCGGCGGCCAAGCTTAGACACTAGAGGGTATATAATGGAAGCTCGACT,122,scanmut_single_pos_63_A,63.0,A,87.51165754328399,0.28688114778816154,-0.0774900312651439
scanmut_single_pos_63_T,CCTAACTGGCCGCTTCACTGGCACCAGACAGTGACGTCAGCTGCCAGATCCCATGGCCGTCATACTGTGACGTCTTTCAGACATCCCATTGACGTCAATGGGAGAACGGTACCTGAGCTCGCTAGCCTCGAGGATATCAAGATCTGGCCTCGGCGGCCAAGCTTAGACACTAGAGGGTATATAATGGAAGCTCGACT,134,scanmut_single_pos_63_T,63.0,T,107.631061458041,0.4222330006830478,0.2210573387277115
scanmut_single_pos_64_A,CCTAACTGGCCGCTTCACTGGCACCAGACAGTGACGTCAGCTGCCAGATCCCATGGCCGTCATACTGTGACGTCTTTCAGACACACCATTGACGTCAATGGGAGAACGGTACCTGAGCTCGCTAGCCTCGAGGATATCAAGATCTGGCCTCGGCGGCCAAGCTTAGACACTAGAGGGTATATAATGGAAGCTCGACT,124,scanmut_single_pos_64_A,64.0,A,113.2134353480701,0.3103401206121505,0.29400802746356686
scanmut_single_pos_64_T,CCTAACTGGCCGCTTCACTGGCACCAGACAGTGACGTCAGCTGCCAGATCCCATGGCCGTCATACTGTGACGTCTTTCAGACACTCCATTGACGTCAATGGGAGAACGGTACCTGAGCTCGCTAGCCTCGAGGATATCAAGATCTGGCCTCGGCGGCCAAGCTTAGACACTAGAGGGTATATAATGGAAGCTCGACT,131,scanmut_single_pos_64_T,64.0,T,102.0891163902946,0.3895668117627256,0.1447919208308443
scanmut_single_pos_65_A,CCTAACTGGCCGCTTCACTGGCACCAGACAGTGACGTCAGCTGCCAGATCCCATGGCCGTCATACTGTGACGTCTTTCAGACACCACATTGACGTCAATGGGAGAACGGTACCTGAGCTCGCTAGCCTCGAGGATATCAAGATCTGGCCTCGGCGGCCAAGCTTAGACACTAGAGGGTATATAATGGAAGCTCGACT,108,scanmut_single_pos_65_A,65.0,A,113.7899441580678,0.11103131238874395,0.3013359200367022
scanmut_single_pos_65_T,CCTAACTGGCCGCTTCACTGGCACCAGACAGTGACGTCAGCTGCCAGATCCCATGGCCGTCATACTGTGACGTCTTTCAGACACCTCATTGACGTCAATGGGAGAACGGTACCTGAGCTCGCTAGCCTCGAGGATATCAAGATCTGGCCTCGGCGGCCAAGCTTAGACACTAGAGGGTATATAATGGAAGCTCGACT,104,scanmut_single_pos_65_T,65.0,T,102.8745113809248,0.056583528366367514,0.1558484289175676
scanmut_single_pos_66_A,CCTAACTGGCCGCTTCACTGGCACCAGACAGTGACGTCAGCTGCCAGATCCCATGGCCGTCATACTGTGACGTCTTTCAGACACCCAATTGACGTCAATGGGAGAACGGTACCTGAGCTCGCTAGCCTCGAGGATATCAAGATCTGGCCTCGGCGGCCAAGCTTAGACACTAGAGGGTATATAATGGAAGCTCGACT,127,scanmut_single_pos_66_A,66.0,A,98.8321898386126,0.34482849699744117,0.09801576264038184
scanmut_single_pos_66_T,CCTAACTGGCCGCTTCACTGGCACCAGACAGTGACGTCAGCTGCCAGATCCCATGGCCGTCATACTGTGACGTCTTTCAGACACCCTATTGACGTCAATGGGAGAACGGTACCTGAGCTCGCTAGCCTCGAGGATATCAAGATCTGGCCTCGGCGGCCAAGCTTAGACACTAGAGGGTATATAATGGAAGCTCGACT,111,scanmut_single_pos_66_T,66.0,T,99.4969690710506,0.15055967657538138,0.10768733387099487
scanmut_single_pos_67_T,CCTAACTGGCCGCTTCACTGGCACCAGACAGTGACGTCAGCTGCCAGATCCCATGGCCGTCATACTGTGACGTCTTTCAGACACCCCTTTGACGTCAATGGGAGAACGGTACCTGAGCTCGCTAGCCTCGAGGATATCAAGATCTGGCCTCGGCGGCCAAGCTTAGACACTAGAGGGTATATAATGGAAGCTCGACT,85,scanmut_single_pos_67_T,67.0,T,83.72238279023708,-0.23446525363702297,-0.14135187215884917
scanmut_single_pos_68_A,CCTAACTGGCCGCTTCACTGGCACCAGACAGTGACGTCAGCTGCCAGATCCCATGGCCGTCATACTGTGACGTCTTTCAGACACCCCAATGACGTCAATGGGAGAACGGTACCTGAGCTCGCTAGCCTCGAGGATATCAAGATCTGGCCTCGGCGGCCAAGCTTAGACACTAGAGGGTATATAATGGAAGCTCGACT,54,scanmut_single_pos_68_A,68.0,A,63.95287604005077,-0.888968687611256,-0.5299560039715075
scanmut_single_pos_69_A,CCTAACTGGCCGCTTCACTGGCACCAGACAGTGACGTCAGCTGCCAGATCCCATGGCCGTCATACTGTGACGTCTTTCAGACACCCCATAGACGTCAATGGGAGAACGGTACCTGAGCTCGCTAGCCTCGAGGATATCAAGATCTGGCCTCGGCGGCCAAGCTTAGACACTAGAGGGTATATAATGGAAGCTCGACT,60,scanmut_single_pos_69_A,69.0,A,68.66905395079209,-0.7369655941662062,-0.4273051564868617
scanmut_single_pos_70_A,CCTAACTGGCCGCTTCACTGGCACCAGACAGTGACGTCAGCTGCCAGATCCCATGGCCGTCATACTGTGACGTCTTTCAGACACCCCATTAACGTCAATGGGAGAACGGTACCTGAGCTCGCTAGCCTCGAGGATATCAAGATCTGGCCTCGGCGGCCAAGCTTAGACACTAGAGGGTATATAATGGAAGCTCGACT,42,scanmut_single_pos_70_A,70.0,A,55.77163683392811,-1.2515387669959646,-0.7274336312664932
scanmut_single_pos_70_T,CCTAACTGGCCGCTTCACTGGCACCAGACAGTGACGTCAGCTGCCAGATCCCATGGCCGTCATACTGTGACGTCTTTCAGACACCCCATTTACGTCAATGGGAGAACGGTACCTGAGCTCGCTAGCCTCGAGGATATCAAGATCTGGCCTCGGCGGCCAAGCTTAGACACTAGAGGGTATATAATGGAAGCTCGACT,73,scanmut_single_pos_70_T,70.0,T,72.17048792397247,-0.4540316308947075,-0.3555562358762639
scanmut_single_pos_71_T,CCTAACTGGCCGCTTCACTGGCACCAGACAGTGACGTCAGCTGCCAGATCCCATGGCCGTCATACTGTGACGTCTTTCAGACACCCCATTGTCGTCAATGGGAGAACGGTACCTGAGCTCGCTAGCCTCGAGGATATCAAGATCTGGCCTCGGCGGCCAAGCTTAGACACTAGAGGGTATATAATGGAAGCTCGACT,50,scanmut_single_pos_71_T,71.0,T,53.61643332982044,-1.0,-0.7842899927082464
scanmut_single_pos_72_A,CCTAACTGGCCGCTTCACTGGCACCAGACAGTGACGTCAGCTGCCAGATCCCATGGCCGTCATACTGTGACGTCTTTCAGACACCCCATTGAAGTCAATGGGAGAACGGTACCTGAGCTCGCTAGCCTCGAGGATATCAAGATCTGGCCTCGGCGGCCAAGCTTAGACACTAGAGGGTATATAATGGAAGCTCGACT,27,scanmut_single_pos_72_A,72.0,A,39.94852094065421,-1.8889686876112561,-1.2088231547110995
scanmut_single_pos_72_T,CCTAACTGGCCGCTTCACTGGCACCAGACAGTGACGTCAGCTGCCAGATCCCATGGCCGTCATACTGTGACGTCTTTCAGACACCCCATTGATGTCAATGGGAGAACGGTACCTGAGCTCGCTAGCCTCGAGGATATCAAGATCTGGCCTCGGCGGCCAAGCTTAGACACTAGAGGGTATATAATGGAAGCTCGACT,37,scanmut_single_pos_72_T,72.0,T,51.479241587335,-1.434402824145775,-0.8429744449623644
scanmut_single_pos_73_A,CCTAACTGGCCGCTTCACTGGCACCAGACAGTGACGTCAGCTGCCAGATCCCATGGCCGTCATACTGTGACGTCTTTCAGACACCCCATTGACATCAATGGGAGAACGGTACCTGAGCTCGCTAGCCTCGAGGATATCAAGATCTGGCCTCGGCGGCCAAGCTTAGACACTAGAGGGTATATAATGGAAGCTCGACT,47,scanmut_single_pos_73_A,73.0,A,50.92576663194814,-1.0892673380970874,-0.8585694507632196
scanmut_single_pos_73_T,CCTAACTGGCCGCTTCACTGGCACCAGACAGTGACGTCAGCTGCCAGATCCCATGGCCGTCATACTGTGACGTCTTTCAGACACCCCATTGACTTCAATGGGAGAACGGTACCTGAGCTCGCTAGCCTCGAGGATATCAAGATCTGGCCTCGGCGGCCAAGCTTAGACACTAGAGGGTATATAATGGAAGCTCGACT,29,scanmut_single_pos_73_T,73.0,T,39.94852094065421,-1.7858751946471527,-1.2088231547110995
scanmut_single_pos_74_A,CCTAACTGGCCGCTTCACTGGCACCAGACAGTGACGTCAGCTGCCAGATCCCATGGCCGTCATACTGTGACGTCTTTCAGACACCCCATTGACGACAATGGGAGAACGGTACCTGAGCTCGCTAGCCTCGAGGATATCAAGATCTGGCCTCGGCGGCCAAGCTTAGACACTAGAGGGTATATAATGGAAGCTCGACT,49,scanmut_single_pos_74_A,74.0,A,54.37021967577274,-1.0291463456595165,-0.7641485871515985
scanmut_single_pos_75_A,CCTAACTGGCCGCTTCACTGGCACCAGACAGTGACGTCAGCTGCCAGATCCCATGGCCGTCATACTGTGACGTCTTTCAGACACCCCATTGACGTAAATGGGAGAACGGTACCTGAGCTCGCTAGCCTCGAGGATATCAAGATCTGGCCTCGGCGGCCAAGCTTAGACACTAGAGGGTATATAATGGAAGCTCGACT,76,scanmut_single_pos_75_A,75.0,A,72.24860627555134,-0.3959286763311392,-0.35399548700103267
scanmut_single_pos_75_T,CCTAACTGGCCGCTTCACTGGCACCAGACAGTGACGTCAGCTGCCAGATCCCATGGCCGTCATACTGTGACGTCTTTCAGACACCCCATTGACGTTAATGGGAGAACGGTACCTGAGCTCGCTAGCCTCGAGGATATCAAGATCTGGCCTCGGCGGCCAAGCTTAGACACTAGAGGGTATATAATGGAAGCTCGACT,50,scanmut_single_pos_75_T,75.0,T,55.76899541545232,-1.0,-0.7275019608296273
scanmut_single_pos_76_T,CCTAACTGGCCGCTTCACTGGCACCAGACAGTGACGTCAGCTGCCAGATCCCATGGCCGTCATACTGTGACGTCTTTCAGACACCCCATTGACGTCTATGGGAGAACGGTACCTGAGCTCGCTAGCCTCGAGGATATCAAGATCTGGCCTCGGCGGCCAAGCTTAGACACTAGAGGGTATATAATGGAAGCTCGACT,59,scanmut_single_pos_76_T,76.0,T,64.9079684263954,-0.7612131404128835,-0.5085696427744516
scanmut_single_pos_77_T,CCTAACTGGCCGCTTCACTGGCACCAGACAGTGACGTCAGCTGCCAGATCCCATGGCCGTCATACTGTGACGTCTTTCAGACACCCCATTGACGTCATTGGGAGAACGGTACCTGAGCTCGCTAGCCTCGAGGATATCAAGATCTGGCCTCGGCGGCCAAGCTTAGACACTAGAGGGTATATAATGGAAGCTCGACT,54,scanmut_single_pos_77_T,77.0,T,63.695116928068,-0.888968687611256,-0.5357824692279257
scanmut_single_pos_78_A,CCTAACTGGCCGCTTCACTGGCACCAGACAGTGACGTCAGCTGCCAGATCCCATGGCCGTCATACTGTGACGTCTTTCAGACACCCCATTGACGTCAAAGGGAGAACGGTACCTGAGCTCGCTAGCCTCGAGGATATCAAGATCTGGCCTCGGCGGCCAAGCTTAGACACTAGAGGGTATATAATGGAAGCTCGACT,59,scanmut_single_pos_78_A,78.0,A,75.3572824673584,-0.7612131404128835,-0.29321830486797296
scanmut_single_pos_79_A,CCTAACTGGCCGCTTCACTGGCACCAGACAGTGACGTCAGCTGCCAGATCCCATGGCCGTCATACTGTGACGTCTTTCAGACACCCCATTGACGTCAATAGGAGAACGGTACCTGAGCTCGCTAGCCTCGAGGATATCAAGATCTGGCCTCGGCGGCCAAGCTTAGACACTAGAGGGTATATAATGGAAGCTCGACT,88,scanmut_single_pos_79_A,79.0,A,93.10335619219516,-0.18442457113742744,0.011867930709340878
scanmut_single_pos_79_T,CCTAACTGGCCGCTTCACTGGCACCAGACAGTGACGTCAGCTGCCAGATCCCATGGCCGTCATACTGTGACGTCTTTCAGACACCCCATTGACGTCAATTGGAGAACGGTACCTGAGCTCGCTAGCCTCGAGGATATCAAGATCTGGCCTCGGCGGCCAAGCTTAGACACTAGAGGGTATATAATGGAAGCTCGACT,93,scanmut_single_pos_79_T,79.0,T,94.19686380241622,-0.10469737866669324,0.028713783118372124
scanmut_single_pos_80_A,CCTAACTGGCCGCTTCACTGGCACCAGACAGTGACGTCAGCTGCCAGATCCCATGGCCGTCATACTGTGACGTCTTTCAGACACCCCATTGACGTCAATGAGAGAACGGTACCTGAGCTCGCTAGCCTCGAGGATATCAAGATCTGGCCTCGGCGGCCAAGCTTAGACACTAGAGGGTATATAATGGAAGCTCGACT,92,scanmut_single_pos_80_A,80.0,A,93.431059892984,-0.12029423371771177,0.01693698981721227
scanmut_single_pos_80_T,CCTAACTGGCCGCTTCACTGGCACCAGACAGTGACGTCAGCTGCCAGATCCCATGGCCGTCATACTGTGACGTCTTTCAGACACCCCATTGACGTCAATGTGAGAACGGTACCTGAGCTCGCTAGCCTCGAGGATATCAAGATCTGGCCTCGGCGGCCAAGCTTAGACACTAGAGGGTATATAATGGAAGCTCGACT,92,scanmut_single_pos_80_T,80.0,T,95.97117332301468,-0.12029423371771177,0.0556358870428991
scanmut_single_pos_81_A,CCTAACTGGCCGCTTCACTGGCACCAGACAGTGACGTCAGCTGCCAGATCCCATGGCCGTCATACTGTGACGTCTTTCAGACACCCCATTGACGTCAATGGAAGAACGGTACCTGAGCTCGCTAGCCTCGAGGATATCAAGATCTGGCCTCGGCGGCCAAGCTTAGACACTAGAGGGTATATAATGGAAGCTCGACT,94,scanmut_single_pos_81_A,81.0,A,103.3050585100522,-0.08926733809708741,0.16187375054627798
scanmut_single_pos_81_T,CCTAACTGGCCGCTTCACTGGCACCAGACAGTGACGTCAGCTGCCAGATCCCATGGCCGTCATACTGTGACGTCTTTCAGACACCCCATTGACGTCAATGGTAGAACGGTACCTGAGCTCGCTAGCCTCGAGGATATCAAGATCTGGCCTCGGCGGCCAAGCTTAGACACTAGAGGGTATATAATGGAAGCTCGACT,89,scanmut_single_pos_81_T,81.0,T,94.82161121759016,-0.16812275880832692,0.038250663359881795
scanmut_single_pos_82_T,CCTAACTGGCCGCTTCACTGGCACCAGACAGTGACGTCAGCTGCCAGATCCCATGGCCGTCATACTGTGACGTCTTTCAGACACCCCATTGACGTCAATGGGTGAACGGTACCTGAGCTCGCTAGCCTCGAGGATATCAAGATCTGGCCTCGGCGGCCAAGCTTAGACACTAGAGGGTATATAATGGAAGCTCGACT,97,scanmut_single_pos_82_T,82.0,T,90.67795846520352,-0.043943347587597055,-0.02621333389094859
scanmut_single_pos_83_A,CCTAACTGGCCGCTTCACTGGCACCAGACAGTGACGTCAGCTGCCAGATCCCATGGCCGTCATACTGTGACGTCTTTCAGACACCCCATTGACGTCAATGGGAAAACGGTACCTGAGCTCGCTAGCCTCGAGGATATCAAGATCTGGCCTCGGCGGCCAAGCTTAGACACTAGAGGGTATATAATGGAAGCTCGACT,101,scanmut_single_pos_83_A,83.0,A,93.25577569526672,0.014355292977070054,0.014227835566380378
scanmut_single_pos_83_T,CCTAACTGGCCGCTTCACTGGCACCAGACAGTGACGTCAGCTGCCAGATCCCATGGCCGTCATACTGTGACGTCTTTCAGACACCCCATTGACGTCAATGGGATAACGGTACCTGAGCTCGCTAGCCTCGAGGATATCAAGATCTGGCCTCGGCGGCCAAGCTTAGACACTAGAGGGTATATAATGGAAGCTCGACT,103,scanmut_single_pos_83_T,83.0,T,98.53298019321284,0.04264433740849372,0.09364144875066226
scanmut_single_pos_84_T,CCTAACTGGCCGCTTCACTGGCACCAGACAGTGACGTCAGCTGCCAGATCCCATGGCCGTCATACTGTGACGTCTTTCAGACACCCCATTGACGTCAATGGGAGTACGGTACCTGAGCTCGCTAGCCTCGAGGATATCAAGATCTGGCCTCGGCGGCCAAGCTTAGACACTAGAGGGTATATAATGGAAGCTCGACT,106,scanmut_single_pos_84_T,84.0,T,100.7378116020266,0.08406426478847455,0.125568146342294
scanmut_single_pos_85_T,CCTAACTGGCCGCTTCACTGGCACCAGACAGTGACGTCAGCTGCCAGATCCCATGGCCGTCATACTGTGACGTCTTTCAGACACCCCATTGACGTCAATGGGAGATCGGTACCTGAGCTCGCTAGCCTCGAGGATATCAAGATCTGGCCTCGGCGGCCAAGCTTAGACACTAGAGGGTATATAATGGAAGCTCGACT,98,scanmut_single_pos_85_T,85.0,T,94.6113516756155,-0.029146345659516508,0.03504804731627011
scanmut_single_pos_86_A,CCTAACTGGCCGCTTCACTGGCACCAGACAGTGACGTCAGCTGCCAGATCCCATGGCCGTCATACTGTGACGTCTTTCAGACACCCCATTGACGTCAATGGGAGAAAGGTACCTGAGCTCGCTAGCCTCGAGGATATCAAGATCTGGCCTCGGCGGCCAAGCTTAGACACTAGAGGGTATATAATGGAAGCTCGACT,102,scanmut_single_pos_86_A,86.0,A,103.3728239827698,0.02856915219677092,0.1628198112834737
scanmut_single_pos_86_T,CCTAACTGGCCGCTTCACTGGCACCAGACAGTGACGTCAGCTGCCAGATCCCATGGCCGTCATACTGTGACGTCTTTCAGACACCCCATTGACGTCAATGGGAGAATGGTACCTGAGCTCGCTAGCCTCGAGGATATCAAGATCTGGCCTCGGCGGCCAAGCTTAGACACTAGAGGGTATATAATGGAAGCTCGACT,98,scanmut_single_pos_86_T,86.0,T,94.99616025453506,-0.029146345659516508,0.04090395655807621
